-- MySQL dump 10.13  Distrib 8.0.45, for Linux (x86_64)
--
-- Host: localhost    Database: inventory_db
-- ------------------------------------------------------
-- Server version	8.0.45-0ubuntu0.24.04.1

/*!40101 SET @OLD_CHARACTER_SET_CLIENT=@@CHARACTER_SET_CLIENT */;
/*!40101 SET @OLD_CHARACTER_SET_RESULTS=@@CHARACTER_SET_RESULTS */;
/*!40101 SET @OLD_COLLATION_CONNECTION=@@COLLATION_CONNECTION */;
/*!50503 SET NAMES utf8mb4 */;
/*!40103 SET @OLD_TIME_ZONE=@@TIME_ZONE */;
/*!40103 SET TIME_ZONE='+00:00' */;
/*!40014 SET @OLD_UNIQUE_CHECKS=@@UNIQUE_CHECKS, UNIQUE_CHECKS=0 */;
/*!40014 SET @OLD_FOREIGN_KEY_CHECKS=@@FOREIGN_KEY_CHECKS, FOREIGN_KEY_CHECKS=0 */;
/*!40101 SET @OLD_SQL_MODE=@@SQL_MODE, SQL_MODE='NO_AUTO_VALUE_ON_ZERO' */;
/*!40111 SET @OLD_SQL_NOTES=@@SQL_NOTES, SQL_NOTES=0 */;

--
-- Table structure for table `products`
--

DROP TABLE IF EXISTS `products`;
/*!40101 SET @saved_cs_client     = @@character_set_client */;
/*!50503 SET character_set_client = utf8mb4 */;
CREATE TABLE `products` (
  `id` int NOT NULL AUTO_INCREMENT,
  `name` varchar(100) NOT NULL,
  `category` varchar(50) DEFAULT NULL,
  `quantity` int NOT NULL DEFAULT '0',
  `price` decimal(10,2) NOT NULL,
  `description` text,
  `created_at` timestamp NULL DEFAULT CURRENT_TIMESTAMP,
  `updated_at` timestamp NULL DEFAULT CURRENT_TIMESTAMP ON UPDATE CURRENT_TIMESTAMP,
  `cost_price` decimal(10,2) DEFAULT NULL,
  `min_stock_level` int DEFAULT '10',
  `max_stock_level` int DEFAULT '500',
  `expiry_date` date DEFAULT NULL,
  `barcode` varchar(50) DEFAULT NULL,
  `supplier` varchar(100) DEFAULT NULL,
  PRIMARY KEY (`id`)
) ENGINE=InnoDB AUTO_INCREMENT=56 DEFAULT CHARSET=utf8mb4 COLLATE=utf8mb4_0900_ai_ci;
/*!40101 SET character_set_client = @saved_cs_client */;

--
-- Dumping data for table `products`
--

LOCK TABLES `products` WRITE;
/*!40000 ALTER TABLE `products` DISABLE KEYS */;
INSERT INTO `products` VALUES (2,'Office Chair','Furniture',30,249.99,NULL,'2026-05-20 07:33:36','2026-05-20 07:33:36',NULL,10,500,NULL,NULL,NULL),(4,'Pen','Education',100,20.00,'asd','2026-05-20 08:20:07','2026-05-20 08:20:07',NULL,10,500,NULL,NULL,NULL),(5,'Full Cream Milk 1L','Dairy',45,250.00,NULL,'2026-05-24 15:37:36','2026-05-24 15:37:36',180.00,20,500,'2026-05-31',NULL,'Anchor Dairy'),(6,'Low Fat Milk 1L','Dairy',38,245.00,NULL,'2026-05-24 15:37:36','2026-05-24 15:37:36',175.00,20,500,'2026-05-30',NULL,'Anchor Dairy'),(7,'Cheddar Cheese 500g','Dairy',22,890.00,NULL,'2026-05-24 15:37:36','2026-05-24 15:37:36',650.00,10,500,'2026-06-23',NULL,'Keells'),(8,'Butter Unsalted 250g','Dairy',30,420.00,NULL,'2026-05-24 15:37:36','2026-05-24 15:37:36',310.00,10,500,'2026-07-08',NULL,'Anchor Dairy'),(9,'Yoghurt Plain 500g','Dairy',18,310.00,NULL,'2026-05-24 15:37:36','2026-05-24 15:37:36',230.00,8,500,'2026-06-03',NULL,'Cargills'),(10,'White Rice 5kg','Grains',80,1450.00,NULL,'2026-05-24 15:37:36','2026-05-24 15:37:36',1100.00,30,500,NULL,NULL,'Serendib Rice'),(12,'Red Lentils 1kg','Grains',60,380.00,NULL,'2026-05-24 15:37:36','2026-05-24 15:37:36',280.00,25,500,NULL,NULL,'Lanka Grains'),(13,'Wheat Flour 1kg','Grains',90,195.00,NULL,'2026-05-24 15:37:36','2026-05-24 15:37:36',140.00,40,500,'2026-08-22',NULL,'Prima'),(14,'Oats 500g','Grains',35,320.00,NULL,'2026-05-24 15:37:36','2026-05-24 15:37:36',240.00,15,500,'2026-11-20',NULL,'Quaker'),(15,'Sunflower Oil 1L','Oils',40,560.00,NULL,'2026-05-24 15:37:36','2026-05-24 15:37:36',420.00,15,500,'2027-05-24',NULL,'Fortune'),(16,'Coconut Oil 500ml','Oils',28,480.00,NULL,'2026-05-24 15:37:36','2026-05-24 15:37:36',360.00,10,500,'2026-11-20',NULL,'Harischandra'),(17,'Olive Oil 250ml','Oils',12,1200.00,NULL,'2026-05-24 15:37:36','2026-05-24 15:37:36',950.00,5,500,'2028-05-23',NULL,'Figaro'),(18,'Chicken Breast 1kg','Meat',15,1100.00,NULL,'2026-05-24 15:37:36','2026-05-24 15:37:36',850.00,10,500,'2026-05-27',NULL,'Farm Fresh'),(19,'Minced Beef 500g','Meat',10,780.00,NULL,'2026-05-24 15:37:36','2026-05-24 15:37:36',600.00,8,500,'2026-05-27',NULL,'Farm Fresh'),(20,'Eggs (Tray 30)','Dairy',25,900.00,NULL,'2026-05-24 15:37:36','2026-05-24 15:37:36',720.00,10,500,'2026-06-14',NULL,'Hatch Farms'),(21,'Tomatoes 1kg','Vegetables',20,280.00,NULL,'2026-05-24 15:37:36','2026-05-24 15:37:36',200.00,10,500,'2026-05-29',NULL,'Local Market'),(22,'Potatoes 1kg','Vegetables',45,190.00,NULL,'2026-05-24 15:37:36','2026-05-24 15:37:36',140.00,15,500,'2026-06-07',NULL,'Local Market'),(23,'Onions 1kg','Vegetables',50,220.00,NULL,'2026-05-24 15:37:36','2026-05-24 15:37:36',160.00,20,500,'2026-06-13',NULL,'Local Market'),(24,'Carrots 500g','Vegetables',30,150.00,NULL,'2026-05-24 15:37:36','2026-05-24 15:37:36',110.00,10,500,'2026-05-31',NULL,'Local Market'),(25,'Cabbage (Head)','Vegetables',22,120.00,NULL,'2026-05-24 15:37:36','2026-05-24 15:37:36',85.00,8,500,'2026-05-31',NULL,'Local Market'),(26,'Coca-Cola 1.5L','Beverages',60,290.00,NULL,'2026-05-24 15:37:36','2026-05-24 15:37:36',210.00,25,500,'2027-05-24',NULL,'Coca-Cola Lanka'),(27,'Sprite 1.5L','Beverages',55,280.00,NULL,'2026-05-24 15:37:36','2026-05-24 15:37:36',205.00,20,500,'2027-05-24',NULL,'Coca-Cola Lanka'),(28,'Orange Juice 1L','Beverages',35,380.00,NULL,'2026-05-24 15:37:36','2026-05-24 15:37:36',290.00,15,500,'2026-06-23',NULL,'Elephant House'),(29,'Water 1.5L','Beverages',120,80.00,NULL,'2026-05-24 15:37:36','2026-05-24 15:37:36',55.00,50,500,'2028-05-23',NULL,'Nestlé'),(30,'Tea Bags 100pk','Beverages',40,450.00,NULL,'2026-05-24 15:37:36','2026-05-24 15:37:36',340.00,15,500,'2027-05-24',NULL,'Dilmah'),(31,'Instant Coffee 200g','Beverages',20,1100.00,NULL,'2026-05-24 15:37:36','2026-05-24 15:37:36',850.00,8,500,'2028-05-23',NULL,'Nescafé'),(32,'Milo 400g','Beverages',18,890.00,NULL,'2026-05-24 15:37:36','2026-05-24 15:37:36',680.00,8,500,'2027-05-24',NULL,'Nestlé'),(33,'Sugar 1kg','Pantry',100,195.00,NULL,'2026-05-24 15:37:36','2026-05-24 15:37:36',145.00,40,500,NULL,NULL,'Pelwatte'),(34,'Salt 500g','Pantry',80,85.00,NULL,'2026-05-24 15:37:36','2026-05-24 15:37:36',60.00,30,500,NULL,NULL,'Lanka Salt'),(35,'Soy Sauce 200ml','Pantry',25,280.00,NULL,'2026-05-24 15:37:36','2026-05-24 15:37:36',210.00,10,500,'2028-05-23',NULL,'Maggi'),(36,'Tomato Ketchup 340g','Pantry',30,320.00,NULL,'2026-05-24 15:37:36','2026-05-24 15:37:36',240.00,10,500,'2027-05-24',NULL,'Heinz'),(37,'Mayonnaise 300g','Pantry',22,390.00,NULL,'2026-05-24 15:37:36','2026-05-24 15:37:36',295.00,8,500,'2026-11-20',NULL,'Best Foods'),(38,'Chili Powder 100g','Pantry',35,160.00,NULL,'2026-05-24 15:37:36','2026-05-24 15:37:36',120.00,12,500,'2027-05-24',NULL,'MD'),(39,'Turmeric Powder 100g','Pantry',40,140.00,NULL,'2026-05-24 15:37:36','2026-05-24 15:37:36',100.00,15,500,'2027-05-24',NULL,'MD'),(40,'Bread White 450g','Bakery',30,180.00,NULL,'2026-05-24 15:37:36','2026-05-24 15:37:36',130.00,12,500,'2026-05-27',NULL,'Gehans'),(41,'Bread Whole Wheat 450g','Bakery',20,210.00,NULL,'2026-05-24 15:37:36','2026-05-24 15:37:36',155.00,8,500,'2026-05-27',NULL,'Gehans'),(42,'Biscuits Cream 200g','Snacks',45,240.00,NULL,'2026-05-24 15:37:36','2026-05-24 15:37:36',180.00,15,500,'2026-11-20',NULL,'Maliban'),(43,'Chips Potato 100g','Snacks',50,180.00,NULL,'2026-05-24 15:37:36','2026-05-24 15:37:36',135.00,20,500,'2026-08-22',NULL,'Lays'),(44,'Chocolate 100g','Snacks',30,450.00,NULL,'2026-05-24 15:37:36','2026-05-24 15:37:36',340.00,10,500,'2027-05-24',NULL,'Kit Kat'),(45,'Instant Noodles','Pantry',80,95.00,NULL,'2026-05-24 15:37:36','2026-05-24 15:37:36',70.00,30,500,'2027-05-24',NULL,'Maggi'),(46,'Canned Tuna 185g','Pantry',40,380.00,NULL,'2026-05-24 15:37:36','2026-05-24 15:37:36',290.00,15,500,'2028-05-23',NULL,'Seacanned'),(47,'Canned Sardines 425g','Canned',35,320.00,NULL,'2026-05-24 15:37:36','2026-05-24 15:37:36',240.00,12,500,'2028-05-23',NULL,'Lasco'),(48,'Dishwashing Liquid 500ml','Household',25,280.00,NULL,'2026-05-24 15:37:36','2026-05-24 15:37:36',210.00,10,500,'2028-05-23',NULL,'Sunlight'),(49,'Laundry Detergent 1kg','Household',20,680.00,NULL,'2026-05-24 15:37:36','2026-05-24 15:37:36',510.00,8,500,'2028-05-23',NULL,'Rin'),(50,'Toilet Paper 10pk','Household',30,450.00,NULL,'2026-05-24 15:37:36','2026-05-24 15:37:36',340.00,12,500,'2028-05-23',NULL,'Elephant'),(51,'Shampoo 200ml','Personal',18,580.00,NULL,'2026-05-24 15:37:36','2026-05-24 15:37:36',440.00,8,500,'2028-05-23',NULL,'Pantene'),(52,'Toothpaste 120g','Personal',25,290.00,NULL,'2026-05-24 15:37:36','2026-05-24 15:37:36',220.00,10,500,'2028-05-23',NULL,'Colgate'),(53,'Hand Soap 250ml','Personal',22,240.00,NULL,'2026-05-24 15:37:36','2026-05-24 15:37:36',180.00,8,500,'2028-05-23',NULL,'Dettol'),(54,'Sanitary Pads 10pk','Personal',15,380.00,NULL,'2026-05-24 15:37:36','2026-05-24 15:37:36',290.00,6,500,'2028-05-23',NULL,'Whisper');
/*!40000 ALTER TABLE `products` ENABLE KEYS */;
UNLOCK TABLES;

--
-- Table structure for table `sale_items`
--

DROP TABLE IF EXISTS `sale_items`;
/*!40101 SET @saved_cs_client     = @@character_set_client */;
/*!50503 SET character_set_client = utf8mb4 */;
CREATE TABLE `sale_items` (
  `id` int NOT NULL AUTO_INCREMENT,
  `sale_id` int NOT NULL,
  `product_id` int NOT NULL,
  `quantity` int NOT NULL,
  `unit_price` decimal(10,2) NOT NULL,
  `subtotal` decimal(10,2) NOT NULL,
  PRIMARY KEY (`id`),
  KEY `sale_id` (`sale_id`),
  KEY `product_id` (`product_id`),
  CONSTRAINT `sale_items_ibfk_1` FOREIGN KEY (`sale_id`) REFERENCES `sales` (`id`),
  CONSTRAINT `sale_items_ibfk_2` FOREIGN KEY (`product_id`) REFERENCES `products` (`id`)
) ENGINE=InnoDB AUTO_INCREMENT=2529 DEFAULT CHARSET=utf8mb4 COLLATE=utf8mb4_0900_ai_ci;
/*!40101 SET character_set_client = @saved_cs_client */;

--
-- Dumping data for table `sale_items`
--

LOCK TABLES `sale_items` WRITE;
/*!40000 ALTER TABLE `sale_items` DISABLE KEYS */;
INSERT INTO `sale_items` VALUES (1,1,36,3,320.00,960.00),(2,1,29,1,80.00,80.00),(3,1,47,2,320.00,640.00),(4,2,45,2,95.00,190.00),(5,2,49,1,680.00,680.00),(6,2,17,1,1200.00,1200.00),(7,4,24,1,150.00,150.00),(8,4,37,3,390.00,1170.00),(9,4,33,3,195.00,585.00),(10,4,19,3,780.00,2340.00),(11,5,20,2,900.00,1800.00),(12,5,23,1,220.00,220.00),(13,5,49,3,680.00,2040.00),(14,6,43,2,180.00,360.00),(15,6,25,2,120.00,240.00),(16,7,29,1,80.00,80.00),(17,8,2,2,249.99,499.98),(18,8,49,3,680.00,2040.00),(19,8,37,2,390.00,780.00),(20,8,13,3,195.00,585.00),(21,9,25,3,120.00,360.00),(22,10,10,4,1450.00,5800.00),(23,11,49,3,680.00,2040.00),(24,11,32,2,890.00,1780.00),(25,12,44,1,450.00,450.00),(26,12,16,2,480.00,960.00),(27,12,21,2,280.00,560.00),(28,13,30,2,450.00,900.00),(29,13,14,4,320.00,1280.00),(30,13,29,4,80.00,320.00),(31,13,20,3,900.00,2700.00),(32,13,10,3,1450.00,4350.00),(33,14,4,4,20.00,80.00),(34,14,40,2,180.00,360.00),(35,14,5,3,250.00,750.00),(36,14,33,2,195.00,390.00),(37,14,47,4,320.00,1280.00),(38,15,33,2,195.00,390.00),(39,15,13,2,195.00,390.00),(40,16,36,4,320.00,1280.00),(41,17,6,1,245.00,245.00),(42,17,40,2,180.00,360.00),(43,17,15,2,560.00,1120.00),(44,17,19,3,780.00,2340.00),(45,17,36,1,320.00,320.00),(46,18,25,4,120.00,480.00),(47,18,31,4,1100.00,4400.00),(48,18,2,4,249.99,999.96),(49,19,35,4,280.00,1120.00),(50,19,50,4,450.00,1800.00),(51,20,34,1,85.00,85.00),(52,20,40,2,180.00,360.00),(53,20,10,2,1450.00,2900.00),(54,21,5,4,250.00,1000.00),(55,21,47,2,320.00,640.00),(56,21,46,1,380.00,380.00),(57,21,44,1,450.00,450.00),(58,22,7,3,890.00,2670.00),(59,22,10,1,1450.00,1450.00),(60,23,26,2,290.00,580.00),(61,23,16,3,480.00,1440.00),(62,23,24,3,150.00,450.00),(64,24,46,1,380.00,380.00),(65,24,39,2,140.00,280.00),(66,24,16,4,480.00,1920.00),(67,25,36,1,320.00,320.00),(68,25,5,4,250.00,1000.00),(69,26,10,2,1450.00,2900.00),(70,26,35,2,280.00,560.00),(71,26,27,1,280.00,280.00),(72,27,20,3,900.00,2700.00),(73,27,17,2,1200.00,2400.00),(74,27,44,3,450.00,1350.00),(75,27,14,3,320.00,960.00),(76,27,7,4,890.00,3560.00),(77,28,28,3,380.00,1140.00),(78,28,4,3,20.00,60.00),(80,29,31,4,1100.00,4400.00),(81,29,22,1,190.00,190.00),(82,29,27,2,280.00,560.00),(83,30,21,2,280.00,560.00),(84,30,15,3,560.00,1680.00),(85,30,28,1,380.00,380.00),(86,30,6,3,245.00,735.00),(87,30,12,2,380.00,760.00),(88,31,41,2,210.00,420.00),(89,31,45,2,95.00,190.00),(90,32,7,4,890.00,3560.00),(91,32,8,3,420.00,1260.00),(92,32,50,3,450.00,1350.00),(93,33,44,1,450.00,450.00),(94,33,25,1,120.00,120.00),(95,33,5,3,250.00,750.00),(96,34,17,4,1200.00,4800.00),(97,34,48,3,280.00,840.00),(98,36,15,2,560.00,1120.00),(99,36,8,2,420.00,840.00),(100,36,16,1,480.00,480.00),(101,36,17,2,1200.00,2400.00),(102,36,9,3,310.00,930.00),(103,37,22,3,190.00,570.00),(104,37,30,3,450.00,1350.00),(105,38,41,1,210.00,210.00),(106,39,14,2,320.00,640.00),(107,39,48,2,280.00,560.00),(108,39,46,4,380.00,1520.00),(109,39,31,3,1100.00,3300.00),(110,40,37,4,390.00,1560.00),(111,40,28,2,380.00,760.00),(112,40,49,4,680.00,2720.00),(113,40,48,4,280.00,1120.00),(114,41,37,1,390.00,390.00),(115,42,42,3,240.00,720.00),(116,42,47,4,320.00,1280.00),(117,42,34,1,85.00,85.00),(118,43,44,2,450.00,900.00),(119,44,14,3,320.00,960.00),(120,44,15,3,560.00,1680.00),(121,45,19,2,780.00,1560.00),(122,45,10,2,1450.00,2900.00),(123,45,7,2,890.00,1780.00),(124,45,20,3,900.00,2700.00),(125,46,46,1,380.00,380.00),(126,46,19,4,780.00,3120.00),(127,46,36,2,320.00,640.00),(128,46,13,4,195.00,780.00),(129,46,16,3,480.00,1440.00),(130,47,32,3,890.00,2670.00),(131,47,20,4,900.00,3600.00),(132,47,18,2,1100.00,2200.00),(133,48,42,2,240.00,480.00),(134,48,13,2,195.00,390.00),(135,48,15,2,560.00,1120.00),(136,48,6,1,245.00,245.00),(137,48,2,3,249.99,749.97),(138,49,40,1,180.00,180.00),(139,49,41,4,210.00,840.00),(140,49,21,3,280.00,840.00),(141,49,17,2,1200.00,2400.00),(142,50,33,3,195.00,585.00),(143,50,14,2,320.00,640.00),(144,51,24,3,150.00,450.00),(145,52,10,4,1450.00,5800.00),(146,53,49,3,680.00,2040.00),(147,54,28,1,380.00,380.00),(148,55,48,4,280.00,1120.00),(149,55,50,2,450.00,900.00),(150,55,17,4,1200.00,4800.00),(151,55,40,3,180.00,540.00),(152,56,32,2,890.00,1780.00),(153,56,20,3,900.00,2700.00),(154,57,6,2,245.00,490.00),(155,57,33,2,195.00,390.00),(156,57,2,4,249.99,999.96),(157,58,49,1,680.00,680.00),(158,58,38,2,160.00,320.00),(159,58,12,1,380.00,380.00),(160,59,42,4,240.00,960.00),(161,59,36,2,320.00,640.00),(163,59,8,4,420.00,1680.00),(164,59,31,2,1100.00,2200.00),(165,60,30,4,450.00,1800.00),(166,60,33,3,195.00,585.00),(167,61,32,1,890.00,890.00),(168,61,44,2,450.00,900.00),(169,61,15,1,560.00,560.00),(170,62,10,2,1450.00,2900.00),(171,63,41,1,210.00,210.00),(172,63,18,1,1100.00,1100.00),(173,63,23,1,220.00,220.00),(174,63,29,1,80.00,80.00),(175,63,36,3,320.00,960.00),(176,64,35,3,280.00,840.00),(177,64,24,4,150.00,600.00),(178,64,6,1,245.00,245.00),(180,65,26,4,290.00,1160.00),(181,65,36,1,320.00,320.00),(182,66,48,2,280.00,560.00),(183,66,21,2,280.00,560.00),(184,67,44,4,450.00,1800.00),(185,67,7,1,890.00,890.00),(186,67,33,2,195.00,390.00),(187,67,46,4,380.00,1520.00),(188,68,18,1,1100.00,1100.00),(189,68,2,3,249.99,749.97),(190,69,36,4,320.00,1280.00),(191,69,26,1,290.00,290.00),(192,71,14,3,320.00,960.00),(193,71,19,4,780.00,3120.00),(194,71,9,4,310.00,1240.00),(195,71,13,4,195.00,780.00),(196,71,15,4,560.00,2240.00),(197,72,12,1,380.00,380.00),(198,72,44,1,450.00,450.00),(199,72,21,3,280.00,840.00),(200,73,25,2,120.00,240.00),(201,73,9,3,310.00,930.00),(202,74,22,4,190.00,760.00),(203,74,23,2,220.00,440.00),(204,75,4,4,20.00,80.00),(205,75,23,4,220.00,880.00),(206,75,7,3,890.00,2670.00),(207,75,5,4,250.00,1000.00),(208,76,35,4,280.00,1120.00),(209,77,40,4,180.00,720.00),(210,77,7,2,890.00,1780.00),(211,77,5,2,250.00,500.00),(212,78,19,1,780.00,780.00),(213,79,46,3,380.00,1140.00),(214,79,47,2,320.00,640.00),(215,79,15,4,560.00,2240.00),(216,80,38,1,160.00,160.00),(217,80,15,1,560.00,560.00),(218,80,16,2,480.00,960.00),(219,81,38,2,160.00,320.00),(220,81,37,1,390.00,390.00),(221,81,46,1,380.00,380.00),(222,81,48,2,280.00,560.00),(223,81,41,4,210.00,840.00),(224,82,19,3,780.00,2340.00),(225,82,8,2,420.00,840.00),(226,82,12,4,380.00,1520.00),(227,82,26,1,290.00,290.00),(228,82,34,4,85.00,340.00),(229,83,45,1,95.00,95.00),(230,84,9,3,310.00,930.00),(231,84,2,3,249.99,749.97),(232,85,32,1,890.00,890.00),(233,85,29,4,80.00,320.00),(234,85,41,3,210.00,630.00),(235,85,21,4,280.00,1120.00),(236,86,5,1,250.00,250.00),(237,87,45,3,95.00,285.00),(238,87,31,2,1100.00,2200.00),(239,87,21,2,280.00,560.00),(240,88,29,1,80.00,80.00),(241,88,10,1,1450.00,1450.00),(242,89,2,4,249.99,999.96),(243,89,17,3,1200.00,3600.00),(244,89,16,3,480.00,1440.00),(245,90,48,3,280.00,840.00),(246,90,39,2,140.00,280.00),(247,91,42,2,240.00,480.00),(248,91,37,2,390.00,780.00),(249,91,36,2,320.00,640.00),(250,91,13,4,195.00,780.00),(251,91,41,4,210.00,840.00),(252,92,21,4,280.00,1120.00),(253,92,49,2,680.00,1360.00),(254,93,47,3,320.00,960.00),(255,94,21,1,280.00,280.00),(256,95,23,3,220.00,660.00),(257,95,25,4,120.00,480.00),(258,95,48,2,280.00,560.00),(259,96,20,2,900.00,1800.00),(260,97,41,2,210.00,420.00),(261,97,5,3,250.00,750.00),(262,97,44,3,450.00,1350.00),(263,97,4,4,20.00,80.00),(264,97,2,4,249.99,999.96),(265,98,35,1,280.00,280.00),(266,98,4,2,20.00,40.00),(267,99,44,2,450.00,900.00),(268,99,22,2,190.00,380.00),(269,99,2,1,249.99,249.99),(270,100,35,2,280.00,560.00),(271,100,27,1,280.00,280.00),(272,100,43,1,180.00,180.00),(273,101,41,2,210.00,420.00),(274,101,50,2,450.00,900.00),(275,102,21,4,280.00,1120.00),(276,102,41,1,210.00,210.00),(277,102,36,4,320.00,1280.00),(278,103,46,4,380.00,1520.00),(279,103,4,1,20.00,20.00),(280,103,43,2,180.00,360.00),(281,103,13,2,195.00,390.00),(282,104,47,4,320.00,1280.00),(283,104,26,1,290.00,290.00),(284,104,34,2,85.00,170.00),(285,104,6,3,245.00,735.00),(286,105,43,4,180.00,720.00),(287,105,23,1,220.00,220.00),(288,105,28,3,380.00,1140.00),(289,105,5,3,250.00,750.00),(290,105,32,4,890.00,3560.00),(291,106,45,4,95.00,380.00),(292,106,41,3,210.00,630.00),(293,106,48,1,280.00,280.00),(294,106,17,4,1200.00,4800.00),(295,106,38,4,160.00,640.00),(296,107,17,3,1200.00,3600.00),(297,107,33,2,195.00,390.00),(299,108,49,4,680.00,2720.00),(300,108,14,4,320.00,1280.00),(301,108,50,2,450.00,900.00),(302,109,15,4,560.00,2240.00),(303,109,42,1,240.00,240.00),(304,109,48,1,280.00,280.00),(305,109,47,1,320.00,320.00),(306,110,27,4,280.00,1120.00),(307,110,26,2,290.00,580.00),(308,110,45,1,95.00,95.00),(309,110,24,2,150.00,300.00),(310,111,39,3,140.00,420.00),(311,111,5,4,250.00,1000.00),(312,111,2,4,249.99,999.96),(313,112,44,4,450.00,1800.00),(314,112,26,3,290.00,870.00),(315,113,26,4,290.00,1160.00),(316,113,13,4,195.00,780.00),(317,114,20,3,900.00,2700.00),(318,114,43,1,180.00,180.00),(319,114,5,4,250.00,1000.00),(320,115,29,2,80.00,160.00),(321,115,22,4,190.00,760.00),(322,115,41,4,210.00,840.00),(324,115,49,3,680.00,2040.00),(325,116,14,4,320.00,1280.00),(326,117,5,3,250.00,750.00),(327,117,43,2,180.00,360.00),(328,118,33,3,195.00,585.00),(329,118,48,2,280.00,560.00),(330,119,44,3,450.00,1350.00),(331,119,47,3,320.00,960.00),(332,119,37,3,390.00,1170.00),(333,120,4,4,20.00,80.00),(334,120,28,1,380.00,380.00),(335,120,42,1,240.00,240.00),(336,120,48,2,280.00,560.00),(337,120,12,3,380.00,1140.00),(338,121,30,4,450.00,1800.00),(339,121,5,3,250.00,750.00),(340,121,36,4,320.00,1280.00),(341,121,6,1,245.00,245.00),(342,122,37,2,390.00,780.00),(343,122,22,1,190.00,190.00),(344,122,7,4,890.00,3560.00),(345,122,40,3,180.00,540.00),(346,123,19,3,780.00,2340.00),(347,123,30,2,450.00,900.00),(348,123,43,1,180.00,180.00),(349,124,47,3,320.00,960.00),(350,125,26,4,290.00,1160.00),(351,125,14,1,320.00,320.00),(352,125,29,3,80.00,240.00),(353,126,9,4,310.00,1240.00),(354,126,10,4,1450.00,5800.00),(355,126,43,2,180.00,360.00),(356,127,23,1,220.00,220.00),(357,127,29,1,80.00,80.00),(358,127,17,3,1200.00,3600.00),(359,128,34,2,85.00,170.00),(360,128,13,1,195.00,195.00),(361,128,27,3,280.00,840.00),(362,128,16,2,480.00,960.00),(363,128,49,2,680.00,1360.00),(364,129,29,4,80.00,320.00),(365,129,44,3,450.00,1350.00),(366,129,30,2,450.00,900.00),(367,129,37,1,390.00,390.00),(368,130,10,2,1450.00,2900.00),(369,130,32,4,890.00,3560.00),(370,131,33,1,195.00,195.00),(371,132,5,4,250.00,1000.00),(372,133,7,2,890.00,1780.00),(374,133,37,4,390.00,1560.00),(375,134,28,1,380.00,380.00),(376,135,6,4,245.00,980.00),(377,135,28,1,380.00,380.00),(378,135,35,1,280.00,280.00),(379,135,17,4,1200.00,4800.00),(380,135,37,4,390.00,1560.00),(381,136,32,1,890.00,890.00),(382,137,27,1,280.00,280.00),(383,138,16,1,480.00,480.00),(384,138,24,2,150.00,300.00),(385,138,48,1,280.00,280.00),(386,139,21,4,280.00,1120.00),(387,140,36,4,320.00,1280.00),(388,140,24,2,150.00,300.00),(389,140,38,2,160.00,320.00),(390,140,6,4,245.00,980.00),(391,141,32,2,890.00,1780.00),(392,142,46,3,380.00,1140.00),(393,142,23,3,220.00,660.00),(394,143,20,2,900.00,1800.00),(395,143,24,4,150.00,600.00),(396,143,30,2,450.00,900.00),(397,144,36,4,320.00,1280.00),(398,144,26,1,290.00,290.00),(399,145,44,2,450.00,900.00),(400,145,39,1,140.00,140.00),(401,145,37,4,390.00,1560.00),(402,146,34,3,85.00,255.00),(403,146,42,2,240.00,480.00),(404,146,44,2,450.00,900.00),(405,146,47,3,320.00,960.00),(406,146,48,1,280.00,280.00),(407,147,2,4,249.99,999.96),(408,148,20,2,900.00,1800.00),(409,148,47,2,320.00,640.00),(410,148,5,4,250.00,1000.00),(411,149,19,4,780.00,3120.00),(412,150,8,1,420.00,420.00),(413,150,18,3,1100.00,3300.00),(414,151,40,3,180.00,540.00),(415,151,8,4,420.00,1680.00),(416,151,41,2,210.00,420.00),(417,152,41,4,210.00,840.00),(418,152,43,1,180.00,180.00),(419,152,13,1,195.00,195.00),(420,152,24,3,150.00,450.00),(421,152,33,3,195.00,585.00),(422,153,41,2,210.00,420.00),(423,153,19,3,780.00,2340.00),(424,154,44,4,450.00,1800.00),(425,155,44,3,450.00,1350.00),(426,155,23,2,220.00,440.00),(427,155,34,4,85.00,340.00),(428,155,41,1,210.00,210.00),(429,155,10,1,1450.00,1450.00),(430,156,35,1,280.00,280.00),(431,156,45,4,95.00,380.00),(432,156,15,3,560.00,1680.00),(433,156,9,3,310.00,930.00),(434,157,50,1,450.00,450.00),(435,157,26,1,290.00,290.00),(436,157,19,4,780.00,3120.00),(437,158,12,1,380.00,380.00),(438,158,38,1,160.00,160.00),(439,158,42,3,240.00,720.00),(440,158,2,1,249.99,249.99),(441,159,19,1,780.00,780.00),(442,159,8,2,420.00,840.00),(443,160,40,1,180.00,180.00),(444,160,23,4,220.00,880.00),(445,161,46,2,380.00,760.00),(446,161,18,3,1100.00,3300.00),(447,162,43,3,180.00,540.00),(448,163,2,2,249.99,499.98),(449,164,28,2,380.00,760.00),(450,164,29,4,80.00,320.00),(451,165,47,1,320.00,320.00),(452,165,25,4,120.00,480.00),(453,166,49,1,680.00,680.00),(454,166,2,1,249.99,249.99),(455,167,22,1,190.00,190.00),(456,168,40,2,180.00,360.00),(457,168,12,3,380.00,1140.00),(458,168,26,2,290.00,580.00),(459,168,31,3,1100.00,3300.00),(460,169,20,1,900.00,900.00),(461,169,35,1,280.00,280.00),(462,169,9,2,310.00,620.00),(463,170,7,2,890.00,1780.00),(464,170,25,1,120.00,120.00),(465,171,44,4,450.00,1800.00),(466,171,7,3,890.00,2670.00),(467,171,43,2,180.00,360.00),(468,171,30,2,450.00,900.00),(469,171,47,3,320.00,960.00),(470,172,27,2,280.00,560.00),(471,172,2,3,249.99,749.97),(472,172,10,2,1450.00,2900.00),(473,173,32,3,890.00,2670.00),(474,173,19,1,780.00,780.00),(475,173,41,2,210.00,420.00),(476,174,5,2,250.00,500.00),(477,174,24,4,150.00,600.00),(478,175,7,4,890.00,3560.00),(479,175,6,1,245.00,245.00),(480,176,38,2,160.00,320.00),(481,176,34,1,85.00,85.00),(482,177,9,4,310.00,1240.00),(483,177,15,3,560.00,1680.00),(484,177,33,3,195.00,585.00),(485,177,22,4,190.00,760.00),(486,177,46,4,380.00,1520.00),(487,178,31,3,1100.00,3300.00),(488,178,39,4,140.00,560.00),(489,179,28,1,380.00,380.00),(490,179,5,1,250.00,250.00),(491,180,6,1,245.00,245.00),(492,180,32,1,890.00,890.00),(493,181,2,1,249.99,249.99),(494,182,22,1,190.00,190.00),(495,182,10,1,1450.00,1450.00),(496,183,10,1,1450.00,1450.00),(497,183,50,3,450.00,1350.00),(498,183,40,1,180.00,180.00),(499,183,2,4,249.99,999.96),(500,183,8,2,420.00,840.00),(501,184,5,2,250.00,500.00),(502,184,24,1,150.00,150.00),(503,184,19,4,780.00,3120.00),(504,184,7,3,890.00,2670.00),(506,185,20,4,900.00,3600.00),(507,185,35,1,280.00,280.00),(508,186,29,4,80.00,320.00),(509,186,44,3,450.00,1350.00),(510,186,4,3,20.00,60.00),(511,186,14,2,320.00,640.00),(512,186,35,3,280.00,840.00),(513,187,35,4,280.00,1120.00),(514,187,12,4,380.00,1520.00),(515,187,7,4,890.00,3560.00),(516,187,21,4,280.00,1120.00),(517,188,28,1,380.00,380.00),(518,188,39,2,140.00,280.00),(519,188,27,1,280.00,280.00),(520,188,21,2,280.00,560.00),(521,188,43,3,180.00,540.00),(522,189,41,4,210.00,840.00),(523,189,32,4,890.00,3560.00),(524,190,30,2,450.00,900.00),(525,190,4,4,20.00,80.00),(526,190,46,3,380.00,1140.00),(527,191,40,3,180.00,540.00),(528,191,38,3,160.00,480.00),(529,191,7,4,890.00,3560.00),(530,192,18,2,1100.00,2200.00),(531,192,23,1,220.00,220.00),(532,192,22,1,190.00,190.00),(533,193,6,2,245.00,490.00),(534,193,18,3,1100.00,3300.00),(535,193,19,3,780.00,2340.00),(536,193,28,1,380.00,380.00),(537,193,14,4,320.00,1280.00),(538,194,43,4,180.00,720.00),(539,194,33,4,195.00,780.00),(540,194,8,1,420.00,420.00),(541,194,10,1,1450.00,1450.00),(542,195,44,2,450.00,900.00),(543,195,27,3,280.00,840.00),(544,195,10,4,1450.00,5800.00),(545,195,18,1,1100.00,1100.00),(546,195,49,3,680.00,2040.00),(547,196,2,4,249.99,999.96),(548,196,21,4,280.00,1120.00),(549,196,28,4,380.00,1520.00),(550,197,40,4,180.00,720.00),(551,197,47,3,320.00,960.00),(552,197,6,1,245.00,245.00),(553,197,28,3,380.00,1140.00),(554,197,15,1,560.00,560.00),(555,198,32,1,890.00,890.00),(556,198,12,1,380.00,380.00),(557,199,2,1,249.99,249.99),(558,199,47,2,320.00,640.00),(559,199,5,2,250.00,500.00),(560,199,21,1,280.00,280.00),(561,200,14,1,320.00,320.00),(562,200,44,4,450.00,1800.00),(563,200,46,4,380.00,1520.00),(564,200,5,3,250.00,750.00),(565,200,12,3,380.00,1140.00),(566,201,8,3,420.00,1260.00),(567,202,9,2,310.00,620.00),(568,203,5,3,250.00,750.00),(569,203,46,3,380.00,1140.00),(570,203,31,1,1100.00,1100.00),(571,203,47,3,320.00,960.00),(572,204,12,3,380.00,1140.00),(573,204,24,4,150.00,600.00),(574,204,40,3,180.00,540.00),(575,204,39,4,140.00,560.00),(576,204,21,2,280.00,560.00),(577,205,35,4,280.00,1120.00),(578,205,24,4,150.00,600.00),(579,205,6,2,245.00,490.00),(580,205,39,2,140.00,280.00),(581,206,4,4,20.00,80.00),(582,206,38,3,160.00,480.00),(583,206,37,2,390.00,780.00),(584,207,21,3,280.00,840.00),(585,207,4,3,20.00,60.00),(586,207,34,3,85.00,255.00),(587,207,37,4,390.00,1560.00),(588,207,28,1,380.00,380.00),(589,208,4,3,20.00,60.00),(590,208,7,1,890.00,890.00),(591,208,6,1,245.00,245.00),(592,209,2,4,249.99,999.96),(593,210,29,1,80.00,80.00),(594,211,26,4,290.00,1160.00),(595,211,6,1,245.00,245.00),(596,212,50,3,450.00,1350.00),(597,212,27,1,280.00,280.00),(598,212,37,1,390.00,390.00),(599,213,32,1,890.00,890.00),(600,213,34,4,85.00,340.00),(601,213,36,4,320.00,1280.00),(602,214,30,2,450.00,900.00),(603,214,18,1,1100.00,1100.00),(604,215,32,3,890.00,2670.00),(605,215,14,3,320.00,960.00),(606,215,17,4,1200.00,4800.00),(607,215,6,1,245.00,245.00),(608,216,30,1,450.00,450.00),(609,216,48,4,280.00,1120.00),(610,216,46,1,380.00,380.00),(611,217,24,3,150.00,450.00),(612,217,48,2,280.00,560.00),(613,218,7,3,890.00,2670.00),(614,218,48,1,280.00,280.00),(615,219,28,2,380.00,760.00),(617,219,7,4,890.00,3560.00),(618,219,29,3,80.00,240.00),(619,220,37,2,390.00,780.00),(620,220,42,2,240.00,480.00),(622,220,9,3,310.00,930.00),(623,220,24,4,150.00,600.00),(624,221,22,2,190.00,380.00),(625,222,36,3,320.00,960.00),(626,222,4,3,20.00,60.00),(627,223,29,4,80.00,320.00),(628,223,49,3,680.00,2040.00),(629,224,8,2,420.00,840.00),(630,224,12,1,380.00,380.00),(631,224,47,4,320.00,1280.00),(632,224,18,2,1100.00,2200.00),(633,224,33,3,195.00,585.00),(634,225,16,3,480.00,1440.00),(635,225,9,1,310.00,310.00),(636,225,8,3,420.00,1260.00),(637,225,15,2,560.00,1120.00),(638,225,32,2,890.00,1780.00),(639,226,30,4,450.00,1800.00),(640,226,36,4,320.00,1280.00),(641,227,25,3,120.00,360.00),(642,227,5,2,250.00,500.00),(643,228,6,4,245.00,980.00),(644,228,41,4,210.00,840.00),(645,228,4,1,20.00,20.00),(646,229,4,1,20.00,20.00),(647,229,41,1,210.00,210.00),(648,230,32,2,890.00,1780.00),(649,230,5,3,250.00,750.00),(650,231,38,3,160.00,480.00),(651,231,24,3,150.00,450.00),(652,232,5,2,250.00,500.00),(653,232,31,1,1100.00,1100.00),(654,233,32,4,890.00,3560.00),(655,233,2,1,249.99,249.99),(656,233,23,1,220.00,220.00),(657,234,45,1,95.00,95.00),(658,234,24,1,150.00,150.00),(659,234,33,3,195.00,585.00),(660,234,30,1,450.00,450.00),(661,234,16,1,480.00,480.00),(662,235,24,2,150.00,300.00),(663,235,44,1,450.00,450.00),(664,235,50,4,450.00,1800.00),(665,235,20,2,900.00,1800.00),(666,235,8,1,420.00,420.00),(667,236,17,1,1200.00,1200.00),(668,236,37,1,390.00,390.00),(669,236,46,1,380.00,380.00),(670,236,12,1,380.00,380.00),(671,236,20,3,900.00,2700.00),(672,237,29,1,80.00,80.00),(673,237,19,4,780.00,3120.00),(674,237,14,2,320.00,640.00),(675,237,28,4,380.00,1520.00),(676,237,45,4,95.00,380.00),(677,238,39,2,140.00,280.00),(678,238,48,3,280.00,840.00),(679,238,17,1,1200.00,1200.00),(680,239,9,3,310.00,930.00),(681,239,24,4,150.00,600.00),(682,239,33,2,195.00,390.00),(683,240,25,1,120.00,120.00),(684,240,8,1,420.00,420.00),(685,241,41,1,210.00,210.00),(686,242,39,2,140.00,280.00),(688,242,8,4,420.00,1680.00),(689,242,47,2,320.00,640.00),(690,243,6,1,245.00,245.00),(692,243,27,4,280.00,1120.00),(693,244,30,1,450.00,450.00),(694,245,40,4,180.00,720.00),(695,245,22,2,190.00,380.00),(696,246,46,3,380.00,1140.00),(697,246,26,2,290.00,580.00),(698,246,7,4,890.00,3560.00),(699,246,13,4,195.00,780.00),(700,246,42,2,240.00,480.00),(701,247,21,4,280.00,1120.00),(702,247,35,3,280.00,840.00),(703,247,17,4,1200.00,4800.00),(704,247,36,1,320.00,320.00),(705,247,32,4,890.00,3560.00),(706,248,32,3,890.00,2670.00),(707,248,36,1,320.00,320.00),(708,248,34,4,85.00,340.00),(709,248,16,4,480.00,1920.00),(711,249,46,1,380.00,380.00),(712,250,45,4,95.00,380.00),(713,251,17,3,1200.00,3600.00),(714,251,25,4,120.00,480.00),(715,252,19,2,780.00,1560.00),(716,252,33,4,195.00,780.00),(717,252,13,2,195.00,390.00),(718,252,29,1,80.00,80.00),(719,253,46,2,380.00,760.00),(720,253,32,2,890.00,1780.00),(721,253,7,3,890.00,2670.00),(722,254,33,1,195.00,195.00),(723,254,44,2,450.00,900.00),(724,255,35,1,280.00,280.00),(725,255,28,4,380.00,1520.00),(726,255,27,4,280.00,1120.00),(727,255,43,2,180.00,360.00),(728,255,38,2,160.00,320.00),(729,256,9,1,310.00,310.00),(730,256,36,3,320.00,960.00),(731,256,37,4,390.00,1560.00),(732,256,16,3,480.00,1440.00),(733,257,24,4,150.00,600.00),(734,257,42,1,240.00,240.00),(735,257,27,4,280.00,1120.00),(736,258,42,3,240.00,720.00),(737,258,37,2,390.00,780.00),(738,258,32,2,890.00,1780.00),(739,259,9,3,310.00,930.00),(740,259,13,3,195.00,585.00),(741,259,33,1,195.00,195.00),(742,260,45,2,95.00,190.00),(743,260,41,1,210.00,210.00),(744,261,37,1,390.00,390.00),(745,262,2,2,249.99,499.98),(746,262,39,1,140.00,140.00),(747,262,27,3,280.00,840.00),(748,263,30,4,450.00,1800.00),(749,263,39,1,140.00,140.00),(750,263,13,2,195.00,390.00),(751,263,48,3,280.00,840.00),(752,264,20,4,900.00,3600.00),(753,264,29,2,80.00,160.00),(754,264,31,3,1100.00,3300.00),(755,264,47,3,320.00,960.00),(756,265,15,3,560.00,1680.00),(757,266,14,4,320.00,1280.00),(758,266,35,2,280.00,560.00),(759,266,22,3,190.00,570.00),(760,266,10,1,1450.00,1450.00),(761,266,17,3,1200.00,3600.00),(762,267,45,4,95.00,380.00),(763,267,49,4,680.00,2720.00),(764,267,44,4,450.00,1800.00),(765,267,15,4,560.00,2240.00),(766,268,10,3,1450.00,4350.00),(767,268,29,4,80.00,320.00),(768,268,32,1,890.00,890.00),(769,268,37,4,390.00,1560.00),(770,269,26,2,290.00,580.00),(771,269,49,3,680.00,2040.00),(772,269,2,2,249.99,499.98),(773,269,48,1,280.00,280.00),(774,269,19,2,780.00,1560.00),(775,270,4,1,20.00,20.00),(776,271,47,3,320.00,960.00),(777,271,9,3,310.00,930.00),(778,273,21,4,280.00,1120.00),(779,273,17,4,1200.00,4800.00),(780,273,36,3,320.00,960.00),(781,273,40,2,180.00,360.00),(782,273,24,2,150.00,300.00),(783,274,8,4,420.00,1680.00),(784,275,45,1,95.00,95.00),(785,275,7,1,890.00,890.00),(786,275,29,4,80.00,320.00),(787,275,21,4,280.00,1120.00),(788,275,31,3,1100.00,3300.00),(789,276,50,1,450.00,450.00),(790,276,12,4,380.00,1520.00),(791,276,16,4,480.00,1920.00),(792,277,4,1,20.00,20.00),(793,278,9,3,310.00,930.00),(794,279,28,3,380.00,1140.00),(795,279,6,3,245.00,735.00),(796,279,16,3,480.00,1440.00),(797,279,12,1,380.00,380.00),(798,280,43,3,180.00,540.00),(799,280,6,1,245.00,245.00),(800,280,30,4,450.00,1800.00),(801,281,7,4,890.00,3560.00),(802,281,41,4,210.00,840.00),(803,281,33,3,195.00,585.00),(804,281,30,2,450.00,900.00),(805,282,34,4,85.00,340.00),(806,282,50,4,450.00,1800.00),(807,283,19,1,780.00,780.00),(808,283,35,1,280.00,280.00),(809,284,30,4,450.00,1800.00),(810,284,33,4,195.00,780.00),(811,284,20,2,900.00,1800.00),(812,285,46,2,380.00,760.00),(813,285,26,4,290.00,1160.00),(814,286,46,3,380.00,1140.00),(815,286,9,1,310.00,310.00),(816,286,50,3,450.00,1350.00),(817,286,21,4,280.00,1120.00),(818,286,48,4,280.00,1120.00),(819,287,33,2,195.00,390.00),(820,287,25,4,120.00,480.00),(821,287,17,1,1200.00,1200.00),(822,287,48,3,280.00,840.00),(823,287,27,1,280.00,280.00),(824,288,49,1,680.00,680.00),(825,289,46,4,380.00,1520.00),(826,289,35,4,280.00,1120.00),(827,289,25,1,120.00,120.00),(828,289,18,2,1100.00,2200.00),(829,289,48,1,280.00,280.00),(830,290,14,1,320.00,320.00),(831,292,4,4,20.00,80.00),(832,292,20,3,900.00,2700.00),(833,292,19,3,780.00,2340.00),(834,292,2,3,249.99,749.97),(835,292,27,2,280.00,560.00),(836,293,9,2,310.00,620.00),(837,293,13,3,195.00,585.00),(838,293,46,1,380.00,380.00),(839,294,4,3,20.00,60.00),(840,294,28,3,380.00,1140.00),(841,295,46,4,380.00,1520.00),(842,295,47,3,320.00,960.00),(843,296,22,4,190.00,760.00),(844,296,40,4,180.00,720.00),(845,296,4,3,20.00,60.00),(846,296,9,2,310.00,620.00),(847,296,20,4,900.00,3600.00),(848,297,43,2,180.00,360.00),(849,297,19,3,780.00,2340.00),(850,297,23,4,220.00,880.00),(851,297,13,3,195.00,585.00),(852,297,5,3,250.00,750.00),(853,298,5,3,250.00,750.00),(854,298,39,4,140.00,560.00),(855,299,23,4,220.00,880.00),(856,299,4,2,20.00,40.00),(857,299,5,1,250.00,250.00),(858,299,32,2,890.00,1780.00),(859,299,36,2,320.00,640.00),(860,300,16,4,480.00,1920.00),(861,300,46,2,380.00,760.00),(862,300,9,3,310.00,930.00),(863,301,29,1,80.00,80.00),(864,301,20,3,900.00,2700.00),(865,301,30,2,450.00,900.00),(867,302,6,3,245.00,735.00),(868,302,4,4,20.00,80.00),(869,302,32,1,890.00,890.00),(871,303,16,4,480.00,1920.00),(872,303,12,4,380.00,1520.00),(874,304,10,1,1450.00,1450.00),(875,305,37,3,390.00,1170.00),(876,305,46,2,380.00,760.00),(877,306,2,1,249.99,249.99),(878,306,32,2,890.00,1780.00),(879,307,46,2,380.00,760.00),(880,307,17,1,1200.00,1200.00),(881,307,26,1,290.00,290.00),(883,308,16,2,480.00,960.00),(884,308,29,3,80.00,240.00),(885,308,4,2,20.00,40.00),(886,309,28,1,380.00,380.00),(887,309,39,4,140.00,560.00),(888,309,43,2,180.00,360.00),(889,310,4,2,20.00,40.00),(890,310,31,2,1100.00,2200.00),(891,311,46,1,380.00,380.00),(892,311,47,2,320.00,640.00),(893,311,35,3,280.00,840.00),(894,311,7,1,890.00,890.00),(895,311,43,4,180.00,720.00),(896,312,27,2,280.00,560.00),(897,312,13,3,195.00,585.00),(898,313,7,1,890.00,890.00),(899,314,23,2,220.00,440.00),(900,314,17,1,1200.00,1200.00),(901,314,35,2,280.00,560.00),(902,315,21,4,280.00,1120.00),(903,315,41,1,210.00,210.00),(904,316,48,4,280.00,1120.00),(905,317,12,3,380.00,1140.00),(906,317,20,4,900.00,3600.00),(907,317,6,1,245.00,245.00),(908,317,37,4,390.00,1560.00),(909,318,33,1,195.00,195.00),(910,318,44,3,450.00,1350.00),(911,318,18,1,1100.00,1100.00),(912,319,23,1,220.00,220.00),(913,319,45,4,95.00,380.00),(914,320,7,2,890.00,1780.00),(915,320,31,3,1100.00,3300.00),(916,320,50,2,450.00,900.00),(917,320,28,2,380.00,760.00),(918,321,48,4,280.00,1120.00),(919,321,13,2,195.00,390.00),(920,321,26,3,290.00,870.00),(921,321,9,2,310.00,620.00),(922,321,22,4,190.00,760.00),(923,322,5,3,250.00,750.00),(924,322,39,4,140.00,560.00),(925,322,37,1,390.00,390.00),(926,323,50,1,450.00,450.00),(927,324,8,4,420.00,1680.00),(928,324,37,4,390.00,1560.00),(929,324,39,2,140.00,280.00),(930,324,36,3,320.00,960.00),(931,325,35,1,280.00,280.00),(932,325,18,2,1100.00,2200.00),(933,325,24,3,150.00,450.00),(934,325,14,2,320.00,640.00),(935,325,33,4,195.00,780.00),(936,326,17,4,1200.00,4800.00),(937,326,9,1,310.00,310.00),(938,326,15,2,560.00,1120.00),(939,327,21,2,280.00,560.00),(940,327,44,3,450.00,1350.00),(941,327,28,1,380.00,380.00),(942,328,9,2,310.00,620.00),(943,328,37,4,390.00,1560.00),(944,328,39,4,140.00,560.00),(945,329,14,3,320.00,960.00),(946,329,25,3,120.00,360.00),(947,329,32,4,890.00,3560.00),(948,329,42,2,240.00,480.00),(949,330,45,1,95.00,95.00),(950,330,24,2,150.00,300.00),(951,330,38,4,160.00,640.00),(953,331,24,4,150.00,600.00),(954,331,2,1,249.99,249.99),(955,331,41,4,210.00,840.00),(956,331,22,2,190.00,380.00),(957,331,25,4,120.00,480.00),(958,332,5,1,250.00,250.00),(959,333,5,2,250.00,500.00),(960,333,45,1,95.00,95.00),(961,333,16,2,480.00,960.00),(962,333,14,1,320.00,320.00),(963,334,40,2,180.00,360.00),(964,334,14,2,320.00,640.00),(965,334,19,3,780.00,2340.00),(966,335,38,4,160.00,640.00),(967,335,21,4,280.00,1120.00),(968,336,8,3,420.00,1260.00),(969,336,2,1,249.99,249.99),(970,336,49,4,680.00,2720.00),(971,337,49,2,680.00,1360.00),(972,337,27,1,280.00,280.00),(973,337,22,1,190.00,190.00),(974,338,22,2,190.00,380.00),(975,338,25,3,120.00,360.00),(976,338,8,2,420.00,840.00),(977,338,45,2,95.00,190.00),(978,338,7,2,890.00,1780.00),(979,339,9,2,310.00,620.00),(980,339,33,3,195.00,585.00),(981,339,34,4,85.00,340.00),(982,339,14,3,320.00,960.00),(983,340,6,4,245.00,980.00),(984,341,49,2,680.00,1360.00),(985,341,38,4,160.00,640.00),(986,341,23,2,220.00,440.00),(987,341,40,1,180.00,180.00),(988,342,45,2,95.00,190.00),(989,342,23,2,220.00,440.00),(990,343,8,3,420.00,1260.00),(991,343,46,3,380.00,1140.00),(992,344,30,3,450.00,1350.00),(993,344,17,2,1200.00,2400.00),(994,344,47,1,320.00,320.00),(995,345,26,1,290.00,290.00),(996,345,37,4,390.00,1560.00),(997,347,21,1,280.00,280.00),(998,347,12,4,380.00,1520.00),(999,347,29,3,80.00,240.00),(1000,347,16,3,480.00,1440.00),(1001,347,27,3,280.00,840.00),(1002,348,31,4,1100.00,4400.00),(1003,349,20,3,900.00,2700.00),(1004,350,45,4,95.00,380.00),(1005,350,50,4,450.00,1800.00),(1006,351,47,1,320.00,320.00),(1007,352,42,1,240.00,240.00),(1008,352,7,3,890.00,2670.00),(1009,352,50,4,450.00,1800.00),(1010,353,17,4,1200.00,4800.00),(1011,353,22,1,190.00,190.00),(1013,354,33,1,195.00,195.00),(1014,355,9,4,310.00,1240.00),(1015,355,31,4,1100.00,4400.00),(1016,355,12,1,380.00,380.00),(1017,355,20,1,900.00,900.00),(1018,355,39,1,140.00,140.00),(1019,356,49,3,680.00,2040.00),(1020,357,23,1,220.00,220.00),(1021,357,12,1,380.00,380.00),(1022,357,21,1,280.00,280.00),(1023,357,48,4,280.00,1120.00),(1024,357,43,1,180.00,180.00),(1025,358,34,4,85.00,340.00),(1026,358,33,2,195.00,390.00),(1027,358,17,2,1200.00,2400.00),(1029,359,42,2,240.00,480.00),(1030,359,12,2,380.00,760.00),(1031,360,12,2,380.00,760.00),(1032,360,14,1,320.00,320.00),(1033,360,29,1,80.00,80.00),(1034,361,20,4,900.00,3600.00),(1035,362,10,3,1450.00,4350.00),(1036,362,33,4,195.00,780.00),(1037,362,50,4,450.00,1800.00),(1038,363,35,3,280.00,840.00),(1039,363,13,1,195.00,195.00),(1040,363,49,3,680.00,2040.00),(1041,363,37,4,390.00,1560.00),(1042,364,23,1,220.00,220.00),(1043,364,21,2,280.00,560.00),(1044,364,48,4,280.00,1120.00),(1045,364,19,3,780.00,2340.00),(1046,365,36,1,320.00,320.00),(1047,365,40,3,180.00,540.00),(1048,365,4,2,20.00,40.00),(1049,365,49,3,680.00,2040.00),(1050,365,19,3,780.00,2340.00),(1051,366,22,3,190.00,570.00),(1052,366,4,3,20.00,60.00),(1053,367,36,4,320.00,1280.00),(1054,367,20,2,900.00,1800.00),(1055,367,19,1,780.00,780.00),(1056,368,38,4,160.00,640.00),(1057,368,44,1,450.00,450.00),(1058,369,2,2,249.99,499.98),(1059,369,24,3,150.00,450.00),(1060,369,29,4,80.00,320.00),(1061,370,15,4,560.00,2240.00),(1062,371,4,1,20.00,20.00),(1063,371,34,3,85.00,255.00),(1064,371,35,1,280.00,280.00),(1065,371,7,1,890.00,890.00),(1066,371,33,4,195.00,780.00),(1067,372,23,1,220.00,220.00),(1068,373,38,1,160.00,160.00),(1069,373,48,3,280.00,840.00),(1070,373,34,2,85.00,170.00),(1071,374,16,4,480.00,1920.00),(1072,374,49,1,680.00,680.00),(1073,374,4,2,20.00,40.00),(1074,374,34,3,85.00,255.00),(1075,374,44,2,450.00,900.00),(1076,375,47,2,320.00,640.00),(1077,376,49,2,680.00,1360.00),(1078,377,43,1,180.00,180.00),(1079,377,48,1,280.00,280.00),(1080,377,18,2,1100.00,2200.00),(1081,377,17,1,1200.00,1200.00),(1082,378,41,4,210.00,840.00),(1083,379,26,3,290.00,870.00),(1084,380,32,4,890.00,3560.00),(1085,380,36,2,320.00,640.00),(1086,381,34,3,85.00,255.00),(1087,381,44,3,450.00,1350.00),(1088,381,48,3,280.00,840.00),(1089,382,13,1,195.00,195.00),(1090,382,35,4,280.00,1120.00),(1091,382,8,3,420.00,1260.00),(1092,383,36,1,320.00,320.00),(1093,383,47,4,320.00,1280.00),(1094,384,40,4,180.00,720.00),(1095,384,39,2,140.00,280.00),(1096,385,48,1,280.00,280.00),(1097,385,19,2,780.00,1560.00),(1098,385,17,1,1200.00,1200.00),(1099,386,22,2,190.00,380.00),(1100,386,7,1,890.00,890.00),(1101,387,29,4,80.00,320.00),(1102,387,32,3,890.00,2670.00),(1103,387,37,1,390.00,390.00),(1104,388,45,2,95.00,190.00),(1105,389,12,1,380.00,380.00),(1106,389,50,1,450.00,450.00),(1107,389,34,4,85.00,340.00),(1109,389,46,1,380.00,380.00),(1110,390,17,1,1200.00,1200.00),(1111,391,8,2,420.00,840.00),(1112,392,28,1,380.00,380.00),(1113,393,17,2,1200.00,2400.00),(1114,393,13,2,195.00,390.00),(1115,393,45,3,95.00,285.00),(1116,393,43,1,180.00,180.00),(1117,393,41,2,210.00,420.00),(1118,394,34,3,85.00,255.00),(1119,394,32,2,890.00,1780.00),(1120,394,43,4,180.00,720.00),(1121,394,46,1,380.00,380.00),(1122,395,33,1,195.00,195.00),(1123,395,12,2,380.00,760.00),(1124,395,25,4,120.00,480.00),(1125,396,19,4,780.00,3120.00),(1126,396,50,4,450.00,1800.00),(1127,396,20,2,900.00,1800.00),(1128,397,24,4,150.00,600.00),(1129,397,42,2,240.00,480.00),(1130,397,36,3,320.00,960.00),(1131,397,12,4,380.00,1520.00),(1132,398,30,1,450.00,450.00),(1134,398,2,2,249.99,499.98),(1135,398,12,2,380.00,760.00),(1136,399,6,1,245.00,245.00),(1137,399,13,1,195.00,195.00),(1138,399,30,2,450.00,900.00),(1139,399,16,2,480.00,960.00),(1140,399,28,1,380.00,380.00),(1141,400,7,2,890.00,1780.00),(1142,401,25,2,120.00,240.00),(1143,401,6,3,245.00,735.00),(1144,401,27,2,280.00,560.00),(1145,402,39,1,140.00,140.00),(1146,402,23,2,220.00,440.00),(1147,403,48,3,280.00,840.00),(1148,403,34,4,85.00,340.00),(1149,403,28,4,380.00,1520.00),(1150,404,28,4,380.00,1520.00),(1151,405,36,2,320.00,640.00),(1152,405,17,1,1200.00,1200.00),(1153,405,23,1,220.00,220.00),(1154,405,20,2,900.00,1800.00),(1155,405,13,1,195.00,195.00),(1156,406,8,3,420.00,1260.00),(1157,406,13,1,195.00,195.00),(1158,406,37,1,390.00,390.00),(1159,406,31,4,1100.00,4400.00),(1160,407,33,1,195.00,195.00),(1161,408,21,3,280.00,840.00),(1162,408,24,3,150.00,450.00),(1163,409,16,1,480.00,480.00),(1164,409,47,4,320.00,1280.00),(1165,409,6,2,245.00,490.00),(1166,409,42,3,240.00,720.00),(1167,409,13,1,195.00,195.00),(1168,410,42,4,240.00,960.00),(1169,410,34,3,85.00,255.00),(1170,411,19,1,780.00,780.00),(1171,411,18,2,1100.00,2200.00),(1172,411,16,3,480.00,1440.00),(1173,411,33,2,195.00,390.00),(1174,411,37,1,390.00,390.00),(1176,412,19,3,780.00,2340.00),(1177,413,44,2,450.00,900.00),(1178,413,32,3,890.00,2670.00),(1179,414,17,2,1200.00,2400.00),(1180,415,16,2,480.00,960.00),(1181,415,34,3,85.00,255.00),(1182,415,13,1,195.00,195.00),(1183,415,6,1,245.00,245.00),(1184,416,12,4,380.00,1520.00),(1185,417,4,2,20.00,40.00),(1186,417,33,3,195.00,585.00),(1187,417,22,2,190.00,380.00),(1188,417,8,1,420.00,420.00),(1189,418,13,1,195.00,195.00),(1190,419,46,3,380.00,1140.00),(1191,419,44,1,450.00,450.00),(1192,419,50,1,450.00,450.00),(1193,420,20,3,900.00,2700.00),(1194,420,16,1,480.00,480.00),(1195,421,44,2,450.00,900.00),(1196,422,44,3,450.00,1350.00),(1197,422,49,1,680.00,680.00),(1198,422,48,1,280.00,280.00),(1199,422,15,3,560.00,1680.00),(1200,423,16,3,480.00,1440.00),(1201,423,21,2,280.00,560.00),(1202,423,26,2,290.00,580.00),(1203,423,37,1,390.00,390.00),(1204,423,48,4,280.00,1120.00),(1205,424,48,2,280.00,560.00),(1206,424,2,2,249.99,499.98),(1207,424,26,4,290.00,1160.00),(1208,425,42,4,240.00,960.00),(1209,426,33,3,195.00,585.00),(1210,427,19,4,780.00,3120.00),(1211,427,25,1,120.00,120.00),(1212,427,38,2,160.00,320.00),(1213,427,44,1,450.00,450.00),(1214,428,36,2,320.00,640.00),(1215,428,27,1,280.00,280.00),(1216,428,2,3,249.99,749.97),(1217,429,41,3,210.00,630.00),(1218,429,25,4,120.00,480.00),(1219,429,15,4,560.00,2240.00),(1220,430,2,3,249.99,749.97),(1221,430,15,3,560.00,1680.00),(1222,430,26,4,290.00,1160.00),(1223,431,24,3,150.00,450.00),(1224,432,30,1,450.00,450.00),(1225,432,22,1,190.00,190.00),(1226,432,34,4,85.00,340.00),(1227,433,14,1,320.00,320.00),(1228,433,40,3,180.00,540.00),(1229,433,30,2,450.00,900.00),(1230,433,42,1,240.00,240.00),(1232,434,18,1,1100.00,1100.00),(1233,434,43,2,180.00,360.00),(1234,435,16,4,480.00,1920.00),(1235,435,21,4,280.00,1120.00),(1236,436,20,2,900.00,1800.00),(1237,436,33,2,195.00,390.00),(1238,436,41,3,210.00,630.00),(1239,436,29,3,80.00,240.00),(1240,436,36,1,320.00,320.00),(1241,437,31,1,1100.00,1100.00),(1242,437,22,4,190.00,760.00),(1243,437,42,4,240.00,960.00),(1244,437,26,2,290.00,580.00),(1245,438,25,4,120.00,480.00),(1246,440,25,4,120.00,480.00),(1247,440,31,1,1100.00,1100.00),(1248,440,7,2,890.00,1780.00),(1249,440,48,3,280.00,840.00),(1250,441,48,4,280.00,1120.00),(1251,441,50,3,450.00,1350.00),(1252,441,49,1,680.00,680.00),(1253,441,13,1,195.00,195.00),(1254,442,23,4,220.00,880.00),(1255,442,28,2,380.00,760.00),(1256,442,30,1,450.00,450.00),(1257,442,34,3,85.00,255.00),(1258,443,33,2,195.00,390.00),(1259,443,40,2,180.00,360.00),(1260,443,44,1,450.00,450.00),(1261,444,40,2,180.00,360.00),(1262,444,24,1,150.00,150.00),(1263,444,31,2,1100.00,2200.00),(1264,445,26,4,290.00,1160.00),(1265,445,44,1,450.00,450.00),(1266,445,18,2,1100.00,2200.00),(1267,445,22,3,190.00,570.00),(1268,445,30,1,450.00,450.00),(1269,446,44,4,450.00,1800.00),(1270,446,10,4,1450.00,5800.00),(1271,446,47,1,320.00,320.00),(1272,446,22,4,190.00,760.00),(1273,446,38,2,160.00,320.00),(1274,447,44,4,450.00,1800.00),(1275,448,17,1,1200.00,1200.00),(1276,449,9,2,310.00,620.00),(1277,449,36,3,320.00,960.00),(1278,449,34,3,85.00,255.00),(1279,449,29,3,80.00,240.00),(1280,449,5,3,250.00,750.00),(1281,450,17,2,1200.00,2400.00),(1282,450,10,1,1450.00,1450.00),(1283,451,2,4,249.99,999.96),(1284,451,4,4,20.00,80.00),(1285,451,21,3,280.00,840.00),(1286,451,17,3,1200.00,3600.00),(1287,452,37,2,390.00,780.00),(1288,452,35,2,280.00,560.00),(1289,452,6,2,245.00,490.00),(1290,453,29,1,80.00,80.00),(1291,453,2,4,249.99,999.96),(1292,455,49,4,680.00,2720.00),(1293,456,48,3,280.00,840.00),(1294,456,40,1,180.00,180.00),(1295,457,6,2,245.00,490.00),(1296,457,7,4,890.00,3560.00),(1297,457,20,2,900.00,1800.00),(1298,458,37,4,390.00,1560.00),(1299,458,48,3,280.00,840.00),(1300,458,44,3,450.00,1350.00),(1301,459,21,2,280.00,560.00),(1302,459,49,1,680.00,680.00),(1303,460,9,1,310.00,310.00),(1304,460,16,2,480.00,960.00),(1305,460,49,3,680.00,2040.00),(1306,460,19,1,780.00,780.00),(1308,461,47,1,320.00,320.00),(1309,461,9,2,310.00,620.00),(1310,461,17,2,1200.00,2400.00),(1311,462,27,1,280.00,280.00),(1312,462,13,2,195.00,390.00),(1313,462,38,4,160.00,640.00),(1314,462,29,1,80.00,80.00),(1315,462,34,1,85.00,85.00),(1316,463,4,1,20.00,20.00),(1317,463,44,3,450.00,1350.00),(1318,463,9,4,310.00,1240.00),(1319,463,20,4,900.00,3600.00),(1320,464,36,2,320.00,640.00),(1321,464,17,4,1200.00,4800.00),(1322,464,43,3,180.00,540.00),(1323,465,31,2,1100.00,2200.00),(1324,465,8,1,420.00,420.00),(1325,465,27,2,280.00,560.00),(1326,466,18,3,1100.00,3300.00),(1327,466,22,2,190.00,380.00),(1328,466,7,1,890.00,890.00),(1329,467,6,2,245.00,490.00),(1330,467,42,3,240.00,720.00),(1331,468,24,3,150.00,450.00),(1332,468,26,3,290.00,870.00),(1333,469,33,1,195.00,195.00),(1334,469,10,2,1450.00,2900.00),(1335,470,5,4,250.00,1000.00),(1336,470,12,1,380.00,380.00),(1337,470,21,1,280.00,280.00),(1338,471,17,1,1200.00,1200.00),(1339,471,30,2,450.00,900.00),(1340,471,16,1,480.00,480.00),(1341,471,9,2,310.00,620.00),(1342,472,37,3,390.00,1170.00),(1343,472,22,1,190.00,190.00),(1344,472,19,3,780.00,2340.00),(1345,473,23,4,220.00,880.00),(1346,473,17,2,1200.00,2400.00),(1347,473,21,2,280.00,560.00),(1349,473,39,1,140.00,140.00),(1350,474,38,1,160.00,160.00),(1351,475,49,4,680.00,2720.00),(1352,475,12,1,380.00,380.00),(1353,475,46,4,380.00,1520.00),(1354,475,21,2,280.00,560.00),(1355,476,29,4,80.00,320.00),(1356,476,2,1,249.99,249.99),(1357,476,44,3,450.00,1350.00),(1358,477,42,1,240.00,240.00),(1359,477,28,3,380.00,1140.00),(1360,477,18,2,1100.00,2200.00),(1361,477,39,2,140.00,280.00),(1362,478,31,1,1100.00,1100.00),(1363,478,7,1,890.00,890.00),(1364,479,2,3,249.99,749.97),(1365,479,41,1,210.00,210.00),(1366,479,26,2,290.00,580.00),(1367,479,44,4,450.00,1800.00),(1368,479,45,3,95.00,285.00),(1369,480,40,3,180.00,540.00),(1370,481,35,4,280.00,1120.00),(1371,481,44,2,450.00,900.00),(1372,482,27,1,280.00,280.00),(1373,482,18,1,1100.00,1100.00),(1374,482,20,4,900.00,3600.00),(1375,482,8,1,420.00,420.00),(1376,483,36,3,320.00,960.00),(1377,483,20,2,900.00,1800.00),(1378,484,37,4,390.00,1560.00),(1379,484,29,1,80.00,80.00),(1380,484,2,3,249.99,749.97),(1381,484,25,1,120.00,120.00),(1382,485,26,2,290.00,580.00),(1383,485,21,2,280.00,560.00),(1384,485,2,4,249.99,999.96),(1385,486,40,4,180.00,720.00),(1386,487,9,3,310.00,930.00),(1387,487,19,1,780.00,780.00),(1388,488,47,2,320.00,640.00),(1389,488,48,3,280.00,840.00),(1390,488,6,1,245.00,245.00),(1391,489,9,4,310.00,1240.00),(1392,489,37,2,390.00,780.00),(1393,489,34,2,85.00,170.00),(1394,490,22,3,190.00,570.00),(1395,490,18,4,1100.00,4400.00),(1396,490,4,4,20.00,80.00),(1397,491,6,2,245.00,490.00),(1398,491,45,3,95.00,285.00),(1399,492,37,4,390.00,1560.00),(1400,492,48,4,280.00,1120.00),(1401,492,29,1,80.00,80.00),(1402,492,10,2,1450.00,2900.00),(1403,493,24,1,150.00,150.00),(1404,493,49,2,680.00,1360.00),(1405,493,19,4,780.00,3120.00),(1406,493,26,1,290.00,290.00),(1407,494,41,2,210.00,420.00),(1408,494,24,1,150.00,150.00),(1409,494,47,1,320.00,320.00),(1410,494,38,4,160.00,640.00),(1411,495,44,1,450.00,450.00),(1412,495,30,1,450.00,450.00),(1413,495,24,2,150.00,300.00),(1414,495,31,3,1100.00,3300.00),(1415,495,39,4,140.00,560.00),(1416,496,5,1,250.00,250.00),(1417,496,48,2,280.00,560.00),(1418,496,46,1,380.00,380.00),(1419,497,14,2,320.00,640.00),(1420,498,38,1,160.00,160.00),(1421,498,30,3,450.00,1350.00),(1422,498,4,2,20.00,40.00),(1423,498,25,3,120.00,360.00),(1424,498,27,4,280.00,1120.00),(1425,499,47,2,320.00,640.00),(1426,500,16,1,480.00,480.00),(1427,500,15,2,560.00,1120.00),(1428,500,9,4,310.00,1240.00),(1429,501,37,1,390.00,390.00),(1430,501,46,4,380.00,1520.00),(1431,501,21,4,280.00,1120.00),(1432,501,42,1,240.00,240.00),(1433,502,9,2,310.00,620.00),(1434,502,24,3,150.00,450.00),(1435,503,21,2,280.00,560.00),(1436,503,15,3,560.00,1680.00),(1437,503,46,4,380.00,1520.00),(1438,504,34,1,85.00,85.00),(1439,505,15,2,560.00,1120.00),(1440,505,49,3,680.00,2040.00),(1441,506,33,1,195.00,195.00),(1442,506,35,2,280.00,560.00),(1443,507,6,2,245.00,490.00),(1444,507,9,1,310.00,310.00),(1445,508,49,4,680.00,2720.00),(1446,508,40,2,180.00,360.00),(1448,509,44,1,450.00,450.00),(1449,509,47,4,320.00,1280.00),(1450,509,7,1,890.00,890.00),(1451,509,26,1,290.00,290.00),(1452,509,48,2,280.00,560.00),(1453,510,16,3,480.00,1440.00),(1454,510,22,2,190.00,380.00),(1455,511,38,1,160.00,160.00),(1456,511,13,2,195.00,390.00),(1457,511,31,2,1100.00,2200.00),(1458,512,48,3,280.00,840.00),(1459,512,7,3,890.00,2670.00),(1460,512,27,4,280.00,1120.00),(1461,512,34,3,85.00,255.00),(1462,512,24,1,150.00,150.00),(1463,513,24,3,150.00,450.00),(1464,513,10,4,1450.00,5800.00),(1465,513,33,4,195.00,780.00),(1466,514,46,2,380.00,760.00),(1467,514,18,2,1100.00,2200.00),(1468,515,41,4,210.00,840.00),(1469,515,37,4,390.00,1560.00),(1470,515,49,3,680.00,2040.00),(1471,515,24,1,150.00,150.00),(1472,516,8,3,420.00,1260.00),(1473,516,32,2,890.00,1780.00),(1474,516,41,4,210.00,840.00),(1475,516,25,1,120.00,120.00),(1476,516,33,1,195.00,195.00),(1478,517,37,2,390.00,780.00),(1479,517,50,4,450.00,1800.00),(1480,517,24,3,150.00,450.00),(1481,517,39,3,140.00,420.00),(1483,518,35,4,280.00,1120.00),(1484,518,19,2,780.00,1560.00),(1485,518,7,4,890.00,3560.00),(1486,519,35,3,280.00,840.00),(1487,519,49,2,680.00,1360.00),(1488,519,34,2,85.00,170.00),(1489,519,21,2,280.00,560.00),(1490,520,38,4,160.00,640.00),(1491,521,35,2,280.00,560.00),(1492,521,48,2,280.00,560.00),(1493,521,38,3,160.00,480.00),(1494,521,28,4,380.00,1520.00),(1495,522,48,1,280.00,280.00),(1496,523,43,1,180.00,180.00),(1497,523,22,1,190.00,190.00),(1498,523,42,4,240.00,960.00),(1499,523,10,4,1450.00,5800.00),(1500,524,30,1,450.00,450.00),(1501,525,5,2,250.00,500.00),(1502,526,6,2,245.00,490.00),(1504,527,17,3,1200.00,3600.00),(1505,527,41,4,210.00,840.00),(1506,527,2,4,249.99,999.96),(1507,528,48,2,280.00,560.00),(1508,528,9,1,310.00,310.00),(1509,528,10,3,1450.00,4350.00),(1510,528,46,1,380.00,380.00),(1511,528,40,4,180.00,720.00),(1512,529,50,1,450.00,450.00),(1513,529,2,4,249.99,999.96),(1514,529,36,3,320.00,960.00),(1515,529,47,4,320.00,1280.00),(1516,529,30,1,450.00,450.00),(1517,530,44,1,450.00,450.00),(1519,531,14,3,320.00,960.00),(1520,532,17,4,1200.00,4800.00),(1521,532,24,3,150.00,450.00),(1522,532,4,1,20.00,20.00),(1523,533,33,1,195.00,195.00),(1524,534,47,1,320.00,320.00),(1525,534,13,3,195.00,585.00),(1526,534,37,3,390.00,1170.00),(1527,535,24,3,150.00,450.00),(1528,535,29,3,80.00,240.00),(1529,535,21,1,280.00,280.00),(1530,535,12,3,380.00,1140.00),(1531,536,31,2,1100.00,2200.00),(1532,537,25,2,120.00,240.00),(1533,538,48,3,280.00,840.00),(1534,538,32,4,890.00,3560.00),(1535,539,33,3,195.00,585.00),(1536,539,47,2,320.00,640.00),(1537,540,28,2,380.00,760.00),(1538,541,50,1,450.00,450.00),(1539,542,8,2,420.00,840.00),(1540,542,29,3,80.00,240.00),(1541,543,31,1,1100.00,1100.00),(1542,543,18,1,1100.00,1100.00),(1543,544,32,1,890.00,890.00),(1545,544,17,2,1200.00,2400.00),(1546,545,39,3,140.00,420.00),(1547,546,14,3,320.00,960.00),(1548,547,21,4,280.00,1120.00),(1549,548,9,2,310.00,620.00),(1550,549,38,1,160.00,160.00),(1551,549,30,3,450.00,1350.00),(1552,549,46,4,380.00,1520.00),(1553,549,47,1,320.00,320.00),(1554,549,40,3,180.00,540.00),(1555,550,9,2,310.00,620.00),(1556,550,4,2,20.00,40.00),(1557,550,43,4,180.00,720.00),(1558,550,16,2,480.00,960.00),(1559,550,18,2,1100.00,2200.00),(1560,551,35,2,280.00,560.00),(1561,551,40,1,180.00,180.00),(1562,551,7,4,890.00,3560.00),(1563,551,8,2,420.00,840.00),(1564,551,6,1,245.00,245.00),(1565,552,32,2,890.00,1780.00),(1566,553,49,4,680.00,2720.00),(1567,553,16,4,480.00,1920.00),(1568,554,50,4,450.00,1800.00),(1569,554,39,3,140.00,420.00),(1570,554,46,4,380.00,1520.00),(1571,555,44,4,450.00,1800.00),(1572,555,8,3,420.00,1260.00),(1573,556,18,1,1100.00,1100.00),(1574,556,15,1,560.00,560.00),(1575,556,25,2,120.00,240.00),(1576,556,13,1,195.00,195.00),(1577,556,24,4,150.00,600.00),(1578,557,7,1,890.00,890.00),(1579,557,20,1,900.00,900.00),(1580,558,47,3,320.00,960.00),(1581,559,48,2,280.00,560.00),(1582,559,37,1,390.00,390.00),(1583,559,16,1,480.00,480.00),(1584,560,35,1,280.00,280.00),(1585,561,29,3,80.00,240.00),(1586,561,36,3,320.00,960.00),(1587,562,13,3,195.00,585.00),(1588,562,30,2,450.00,900.00),(1589,562,42,3,240.00,720.00),(1590,562,37,4,390.00,1560.00),(1591,563,29,4,80.00,320.00),(1592,563,43,4,180.00,720.00),(1593,564,40,4,180.00,720.00),(1594,565,23,3,220.00,660.00),(1595,565,22,4,190.00,760.00),(1596,566,17,1,1200.00,1200.00),(1597,567,32,2,890.00,1780.00),(1598,567,29,1,80.00,80.00),(1599,567,31,1,1100.00,1100.00),(1600,567,44,2,450.00,900.00),(1601,568,8,3,420.00,1260.00),(1602,568,18,1,1100.00,1100.00),(1603,569,38,3,160.00,480.00),(1604,569,14,2,320.00,640.00),(1605,569,21,4,280.00,1120.00),(1606,570,21,1,280.00,280.00),(1607,571,37,1,390.00,390.00),(1608,571,6,2,245.00,490.00),(1609,571,48,2,280.00,560.00),(1610,571,32,3,890.00,2670.00),(1611,571,38,1,160.00,160.00),(1612,572,17,4,1200.00,4800.00),(1614,572,38,1,160.00,160.00),(1615,572,46,3,380.00,1140.00),(1616,572,7,4,890.00,3560.00),(1617,573,18,4,1100.00,4400.00),(1618,574,5,3,250.00,750.00),(1619,575,40,1,180.00,180.00),(1620,575,2,3,249.99,749.97),(1621,575,9,2,310.00,620.00),(1622,575,30,2,450.00,900.00),(1623,576,15,4,560.00,2240.00),(1624,577,34,2,85.00,170.00),(1625,577,47,3,320.00,960.00),(1626,577,49,2,680.00,1360.00),(1627,577,6,3,245.00,735.00),(1628,577,23,1,220.00,220.00),(1629,578,34,1,85.00,85.00),(1630,578,20,2,900.00,1800.00),(1631,579,28,2,380.00,760.00),(1632,579,17,3,1200.00,3600.00),(1633,579,27,3,280.00,840.00),(1634,579,32,2,890.00,1780.00),(1635,580,12,1,380.00,380.00),(1636,580,26,1,290.00,290.00),(1637,581,14,3,320.00,960.00),(1638,581,19,1,780.00,780.00),(1639,582,46,4,380.00,1520.00),(1640,582,41,1,210.00,210.00),(1641,582,50,3,450.00,1350.00),(1642,582,25,2,120.00,240.00),(1643,582,45,1,95.00,95.00),(1645,583,24,2,150.00,300.00),(1646,583,14,4,320.00,1280.00),(1647,583,18,1,1100.00,1100.00),(1648,583,42,3,240.00,720.00),(1649,584,47,1,320.00,320.00),(1650,584,26,1,290.00,290.00),(1652,584,15,2,560.00,1120.00),(1653,585,14,4,320.00,1280.00),(1654,585,18,2,1100.00,2200.00),(1655,585,12,3,380.00,1140.00),(1656,585,15,2,560.00,1120.00),(1657,585,40,2,180.00,360.00),(1658,586,2,1,249.99,249.99),(1660,586,27,1,280.00,280.00),(1661,587,9,4,310.00,1240.00),(1662,587,43,3,180.00,540.00),(1663,587,2,3,249.99,749.97),(1664,587,17,3,1200.00,3600.00),(1665,587,10,3,1450.00,4350.00),(1666,588,18,3,1100.00,3300.00),(1667,588,35,1,280.00,280.00),(1668,588,26,1,290.00,290.00),(1669,588,38,2,160.00,320.00),(1670,589,25,2,120.00,240.00),(1671,590,6,3,245.00,735.00),(1672,590,21,4,280.00,1120.00),(1673,591,50,1,450.00,450.00),(1674,591,21,4,280.00,1120.00),(1675,591,4,2,20.00,40.00),(1676,591,38,4,160.00,640.00),(1677,591,32,2,890.00,1780.00),(1678,592,50,1,450.00,450.00),(1679,592,10,3,1450.00,4350.00),(1680,592,33,1,195.00,195.00),(1681,592,24,4,150.00,600.00),(1682,593,20,1,900.00,900.00),(1683,593,23,3,220.00,660.00),(1684,593,17,4,1200.00,4800.00),(1685,594,18,1,1100.00,1100.00),(1686,594,40,1,180.00,180.00),(1687,594,39,2,140.00,280.00),(1688,595,2,3,249.99,749.97),(1689,596,26,1,290.00,290.00),(1690,597,6,1,245.00,245.00),(1691,597,15,4,560.00,2240.00),(1692,597,25,3,120.00,360.00),(1693,597,14,3,320.00,960.00),(1694,598,47,2,320.00,640.00),(1695,598,26,1,290.00,290.00),(1696,598,23,3,220.00,660.00),(1697,598,48,4,280.00,1120.00),(1698,598,41,4,210.00,840.00),(1699,599,29,1,80.00,80.00),(1700,599,27,1,280.00,280.00),(1701,599,40,3,180.00,540.00),(1702,600,34,3,85.00,255.00),(1703,600,14,1,320.00,320.00),(1704,600,24,1,150.00,150.00),(1705,601,30,1,450.00,450.00),(1706,602,13,2,195.00,390.00),(1707,602,28,1,380.00,380.00),(1708,602,44,2,450.00,900.00),(1709,602,16,3,480.00,1440.00),(1710,603,25,2,120.00,240.00),(1711,603,43,1,180.00,180.00),(1712,603,26,1,290.00,290.00),(1713,604,30,2,450.00,900.00),(1714,605,42,1,240.00,240.00),(1716,605,28,1,380.00,380.00),(1717,605,37,1,390.00,390.00),(1718,606,39,1,140.00,140.00),(1719,606,47,4,320.00,1280.00),(1720,607,24,3,150.00,450.00),(1721,607,37,2,390.00,780.00),(1722,608,30,2,450.00,900.00),(1723,608,43,4,180.00,720.00),(1724,609,16,1,480.00,480.00),(1725,609,26,2,290.00,580.00),(1726,610,46,1,380.00,380.00),(1727,610,23,3,220.00,660.00),(1728,610,17,4,1200.00,4800.00),(1729,610,45,2,95.00,190.00),(1730,611,25,4,120.00,480.00),(1731,611,23,3,220.00,660.00),(1732,611,9,4,310.00,1240.00),(1733,611,27,4,280.00,1120.00),(1734,612,29,3,80.00,240.00),(1735,612,37,1,390.00,390.00),(1736,612,34,3,85.00,255.00),(1737,613,43,4,180.00,720.00),(1738,613,18,3,1100.00,3300.00),(1739,613,22,2,190.00,380.00),(1740,614,26,4,290.00,1160.00),(1741,614,25,2,120.00,240.00),(1742,615,15,2,560.00,1120.00),(1743,615,40,4,180.00,720.00),(1744,615,29,4,80.00,320.00),(1745,616,16,2,480.00,960.00),(1746,616,12,3,380.00,1140.00),(1747,617,47,2,320.00,640.00),(1748,617,33,4,195.00,780.00),(1749,617,18,4,1100.00,4400.00),(1750,618,42,1,240.00,240.00),(1752,618,49,3,680.00,2040.00),(1753,618,43,4,180.00,720.00),(1754,619,33,4,195.00,780.00),(1755,619,45,2,95.00,190.00),(1756,619,47,3,320.00,960.00),(1757,620,20,2,900.00,1800.00),(1758,621,4,2,20.00,40.00),(1759,621,46,1,380.00,380.00),(1760,621,24,3,150.00,450.00),(1761,621,37,3,390.00,1170.00),(1762,621,30,1,450.00,450.00),(1763,622,7,4,890.00,3560.00),(1764,622,21,4,280.00,1120.00),(1765,623,45,4,95.00,380.00),(1766,623,12,4,380.00,1520.00),(1767,623,9,3,310.00,930.00),(1768,624,7,2,890.00,1780.00),(1769,625,14,4,320.00,1280.00),(1770,625,42,1,240.00,240.00),(1771,625,34,1,85.00,85.00),(1772,626,33,1,195.00,195.00),(1773,626,50,3,450.00,1350.00),(1774,627,50,2,450.00,900.00),(1775,627,48,1,280.00,280.00),(1776,628,24,3,150.00,450.00),(1777,628,30,3,450.00,1350.00),(1778,629,24,1,150.00,150.00),(1779,629,38,4,160.00,640.00),(1780,630,47,1,320.00,320.00),(1781,630,42,4,240.00,960.00),(1782,630,23,2,220.00,440.00),(1783,630,22,4,190.00,760.00),(1784,631,46,2,380.00,760.00),(1785,631,44,2,450.00,900.00),(1786,632,50,2,450.00,900.00),(1787,632,30,3,450.00,1350.00),(1788,632,40,3,180.00,540.00),(1789,633,37,2,390.00,780.00),(1790,633,26,4,290.00,1160.00),(1791,633,10,2,1450.00,2900.00),(1792,633,35,2,280.00,560.00),(1793,634,48,4,280.00,1120.00),(1794,635,20,3,900.00,2700.00),(1795,635,28,1,380.00,380.00),(1796,635,43,3,180.00,540.00),(1797,636,47,4,320.00,1280.00),(1798,637,25,4,120.00,480.00),(1799,637,39,4,140.00,560.00),(1800,637,29,3,80.00,240.00),(1801,637,19,1,780.00,780.00),(1802,638,29,3,80.00,240.00),(1803,638,44,1,450.00,450.00),(1804,638,43,1,180.00,180.00),(1805,638,6,2,245.00,490.00),(1806,639,33,2,195.00,390.00),(1807,639,29,3,80.00,240.00),(1808,640,19,3,780.00,2340.00),(1809,640,25,1,120.00,120.00),(1810,640,14,3,320.00,960.00),(1811,640,40,1,180.00,180.00),(1812,640,38,2,160.00,320.00),(1813,641,50,3,450.00,1350.00),(1814,641,8,1,420.00,420.00),(1815,641,23,4,220.00,880.00),(1816,642,35,1,280.00,280.00),(1817,642,41,3,210.00,630.00),(1818,642,24,2,150.00,300.00),(1819,642,29,2,80.00,160.00),(1820,642,23,1,220.00,220.00),(1821,643,45,2,95.00,190.00),(1822,644,39,2,140.00,280.00),(1823,644,9,2,310.00,620.00),(1824,644,13,1,195.00,195.00),(1826,645,4,1,20.00,20.00),(1827,646,23,1,220.00,220.00),(1828,646,30,2,450.00,900.00),(1830,647,45,2,95.00,190.00),(1831,647,48,3,280.00,840.00),(1832,647,16,4,480.00,1920.00),(1833,648,5,4,250.00,1000.00),(1834,648,20,1,900.00,900.00),(1835,648,31,4,1100.00,4400.00),(1836,649,22,2,190.00,380.00),(1837,649,44,2,450.00,900.00),(1838,649,37,4,390.00,1560.00),(1839,649,42,1,240.00,240.00),(1840,650,8,4,420.00,1680.00),(1841,650,18,2,1100.00,2200.00),(1842,651,6,1,245.00,245.00),(1843,651,41,4,210.00,840.00),(1844,652,6,4,245.00,980.00),(1845,653,14,3,320.00,960.00),(1846,654,4,4,20.00,80.00),(1847,654,9,3,310.00,930.00),(1848,654,5,2,250.00,500.00),(1849,654,38,4,160.00,640.00),(1850,654,27,1,280.00,280.00),(1851,655,41,2,210.00,420.00),(1852,656,4,4,20.00,80.00),(1853,656,5,4,250.00,1000.00),(1854,657,7,1,890.00,890.00),(1855,657,47,3,320.00,960.00),(1856,657,5,2,250.00,500.00),(1857,657,27,2,280.00,560.00),(1858,657,48,2,280.00,560.00),(1859,658,48,2,280.00,560.00),(1860,658,13,3,195.00,585.00),(1861,659,32,4,890.00,3560.00),(1862,660,28,3,380.00,1140.00),(1863,660,2,1,249.99,249.99),(1864,660,41,4,210.00,840.00),(1865,660,46,1,380.00,380.00),(1866,661,19,2,780.00,1560.00),(1867,661,8,4,420.00,1680.00),(1868,661,33,2,195.00,390.00),(1869,661,18,3,1100.00,3300.00),(1870,662,30,1,450.00,450.00),(1871,662,10,3,1450.00,4350.00),(1872,662,27,4,280.00,1120.00),(1873,662,31,2,1100.00,2200.00),(1874,662,39,2,140.00,280.00),(1875,663,5,1,250.00,250.00),(1876,664,47,4,320.00,1280.00),(1877,664,2,4,249.99,999.96),(1878,664,14,4,320.00,1280.00),(1879,664,19,4,780.00,3120.00),(1880,665,47,3,320.00,960.00),(1881,665,49,3,680.00,2040.00),(1883,665,48,4,280.00,1120.00),(1884,665,5,3,250.00,750.00),(1885,666,45,2,95.00,190.00),(1886,666,50,3,450.00,1350.00),(1887,667,4,4,20.00,80.00),(1888,667,38,3,160.00,480.00),(1889,668,6,3,245.00,735.00),(1890,669,15,4,560.00,2240.00),(1891,669,13,3,195.00,585.00),(1892,669,35,3,280.00,840.00),(1893,669,49,4,680.00,2720.00),(1894,669,19,4,780.00,3120.00),(1895,670,29,1,80.00,80.00),(1896,670,15,2,560.00,1120.00),(1897,670,6,3,245.00,735.00),(1898,670,43,1,180.00,180.00),(1899,670,39,1,140.00,140.00),(1900,671,39,2,140.00,280.00),(1901,671,22,1,190.00,190.00),(1902,672,27,3,280.00,840.00),(1903,672,23,2,220.00,440.00),(1904,672,10,4,1450.00,5800.00),(1905,672,2,2,249.99,499.98),(1906,673,49,1,680.00,680.00),(1907,673,10,4,1450.00,5800.00),(1908,673,31,4,1100.00,4400.00),(1909,675,29,1,80.00,80.00),(1910,675,39,3,140.00,420.00),(1911,675,20,1,900.00,900.00),(1912,675,31,2,1100.00,2200.00),(1913,675,6,1,245.00,245.00),(1914,676,40,3,180.00,540.00),(1915,677,41,3,210.00,630.00),(1916,677,18,2,1100.00,2200.00),(1917,677,49,4,680.00,2720.00),(1918,677,24,1,150.00,150.00),(1919,678,2,2,249.99,499.98),(1920,679,41,4,210.00,840.00),(1921,680,5,2,250.00,500.00),(1922,682,26,4,290.00,1160.00),(1923,682,5,3,250.00,750.00),(1924,682,47,3,320.00,960.00),(1925,682,9,3,310.00,930.00),(1926,682,38,4,160.00,640.00),(1927,683,47,2,320.00,640.00),(1928,683,37,2,390.00,780.00),(1929,683,30,1,450.00,450.00),(1930,684,41,4,210.00,840.00),(1931,684,17,1,1200.00,1200.00),(1932,684,43,1,180.00,180.00),(1933,684,34,2,85.00,170.00),(1934,684,29,2,80.00,160.00),(1935,685,10,1,1450.00,1450.00),(1936,685,31,4,1100.00,4400.00),(1937,685,43,2,180.00,360.00),(1938,685,14,2,320.00,640.00),(1939,685,7,4,890.00,3560.00),(1940,686,9,2,310.00,620.00),(1941,686,26,4,290.00,1160.00),(1942,686,34,4,85.00,340.00),(1943,686,46,1,380.00,380.00),(1944,686,24,1,150.00,150.00),(1945,687,20,3,900.00,2700.00),(1946,687,2,1,249.99,249.99),(1947,687,19,1,780.00,780.00),(1948,687,15,1,560.00,560.00),(1949,688,27,4,280.00,1120.00),(1950,688,2,1,249.99,249.99),(1951,689,8,3,420.00,1260.00),(1952,689,6,1,245.00,245.00),(1953,690,32,2,890.00,1780.00),(1954,691,4,2,20.00,40.00),(1955,692,33,3,195.00,585.00),(1956,693,6,3,245.00,735.00),(1957,694,32,1,890.00,890.00),(1958,694,17,4,1200.00,4800.00),(1959,694,26,3,290.00,870.00),(1960,695,49,1,680.00,680.00),(1961,695,19,3,780.00,2340.00),(1962,695,2,4,249.99,999.96),(1963,695,35,3,280.00,840.00),(1964,696,47,4,320.00,1280.00),(1965,696,19,4,780.00,3120.00),(1966,697,43,2,180.00,360.00),(1967,697,29,3,80.00,240.00),(1968,697,49,2,680.00,1360.00),(1969,697,5,4,250.00,1000.00),(1970,697,41,3,210.00,630.00),(1971,698,27,1,280.00,280.00),(1972,699,31,2,1100.00,2200.00),(1973,699,27,2,280.00,560.00),(1974,699,18,4,1100.00,4400.00),(1975,700,30,4,450.00,1800.00),(1976,701,32,4,890.00,3560.00),(1977,701,34,1,85.00,85.00),(1978,701,30,4,450.00,1800.00),(1980,702,6,3,245.00,735.00),(1981,703,2,2,249.99,499.98),(1982,703,29,2,80.00,160.00),(1983,703,26,2,290.00,580.00),(1984,704,28,3,380.00,1140.00),(1985,704,24,1,150.00,150.00),(1986,704,9,3,310.00,930.00),(1987,704,33,1,195.00,195.00),(1989,706,43,2,180.00,360.00),(1990,706,9,2,310.00,620.00),(1991,706,29,1,80.00,80.00),(1992,707,35,1,280.00,280.00),(1993,707,29,1,80.00,80.00),(1994,708,10,1,1450.00,1450.00),(1995,708,4,4,20.00,80.00),(1996,708,5,3,250.00,750.00),(1997,708,8,4,420.00,1680.00),(1998,709,26,2,290.00,580.00),(1999,709,7,3,890.00,2670.00),(2000,709,12,2,380.00,760.00),(2001,710,28,2,380.00,760.00),(2002,710,18,4,1100.00,4400.00),(2003,711,31,4,1100.00,4400.00),(2004,712,42,3,240.00,720.00),(2005,712,19,2,780.00,1560.00),(2006,712,26,1,290.00,290.00),(2007,713,39,2,140.00,280.00),(2008,714,23,1,220.00,220.00),(2009,714,43,1,180.00,180.00),(2010,714,28,1,380.00,380.00),(2011,714,29,2,80.00,160.00),(2012,714,34,2,85.00,170.00),(2013,715,10,2,1450.00,2900.00),(2014,715,39,3,140.00,420.00),(2015,715,31,4,1100.00,4400.00),(2016,715,17,1,1200.00,1200.00),(2017,715,24,4,150.00,600.00),(2018,716,37,2,390.00,780.00),(2019,716,6,2,245.00,490.00),(2020,716,16,2,480.00,960.00),(2021,716,32,1,890.00,890.00),(2022,717,9,3,310.00,930.00),(2023,717,24,3,150.00,450.00),(2024,717,10,1,1450.00,1450.00),(2025,717,25,2,120.00,240.00),(2026,717,30,2,450.00,900.00),(2027,718,44,4,450.00,1800.00),(2028,719,35,3,280.00,840.00),(2029,719,39,3,140.00,420.00),(2030,720,27,4,280.00,1120.00),(2031,720,29,3,80.00,240.00),(2032,720,34,4,85.00,340.00),(2033,721,33,4,195.00,780.00),(2034,721,27,1,280.00,280.00),(2035,721,32,1,890.00,890.00),(2036,721,12,3,380.00,1140.00),(2037,721,13,2,195.00,390.00),(2038,722,22,3,190.00,570.00),(2039,722,19,1,780.00,780.00),(2040,723,28,4,380.00,1520.00),(2041,723,13,2,195.00,390.00),(2042,723,40,4,180.00,720.00),(2043,723,8,2,420.00,840.00),(2044,723,22,1,190.00,190.00),(2045,724,14,2,320.00,640.00),(2046,725,12,1,380.00,380.00),(2047,726,32,1,890.00,890.00),(2048,727,9,1,310.00,310.00),(2049,727,29,2,80.00,160.00),(2050,727,44,3,450.00,1350.00),(2051,727,30,1,450.00,450.00),(2052,727,37,1,390.00,390.00),(2053,728,50,2,450.00,900.00),(2054,728,21,2,280.00,560.00),(2055,729,22,1,190.00,190.00),(2056,729,34,4,85.00,340.00),(2057,729,4,1,20.00,20.00),(2058,729,10,3,1450.00,4350.00),(2059,729,23,1,220.00,220.00),(2060,730,21,2,280.00,560.00),(2061,731,29,2,80.00,160.00),(2062,731,25,3,120.00,360.00),(2063,732,9,2,310.00,620.00),(2064,733,20,4,900.00,3600.00),(2065,733,10,3,1450.00,4350.00),(2066,734,38,2,160.00,320.00),(2067,735,36,2,320.00,640.00),(2068,735,47,2,320.00,640.00),(2069,736,18,4,1100.00,4400.00),(2070,736,39,1,140.00,140.00),(2071,737,15,2,560.00,1120.00),(2073,737,46,4,380.00,1520.00),(2074,737,8,2,420.00,840.00),(2075,738,23,2,220.00,440.00),(2076,738,39,4,140.00,560.00),(2077,738,41,4,210.00,840.00),(2078,738,33,2,195.00,390.00),(2080,739,17,2,1200.00,2400.00),(2081,739,50,3,450.00,1350.00),(2082,739,25,1,120.00,120.00),(2083,739,34,1,85.00,85.00),(2084,740,9,4,310.00,1240.00),(2085,740,7,1,890.00,890.00),(2086,740,19,4,780.00,3120.00),(2087,740,27,1,280.00,280.00),(2088,740,29,2,80.00,160.00),(2089,741,14,2,320.00,640.00),(2090,741,28,2,380.00,760.00),(2091,741,12,4,380.00,1520.00),(2092,741,4,4,20.00,80.00),(2093,742,20,3,900.00,2700.00),(2094,743,44,1,450.00,450.00),(2095,743,18,2,1100.00,2200.00),(2096,743,26,1,290.00,290.00),(2097,744,5,4,250.00,1000.00),(2098,744,43,1,180.00,180.00),(2099,745,37,3,390.00,1170.00),(2100,745,14,1,320.00,320.00),(2101,745,35,1,280.00,280.00),(2102,745,49,4,680.00,2720.00),(2103,746,21,4,280.00,1120.00),(2104,746,18,2,1100.00,2200.00),(2105,746,19,4,780.00,3120.00),(2106,746,15,4,560.00,2240.00),(2107,747,45,2,95.00,190.00),(2108,747,32,4,890.00,3560.00),(2109,747,38,4,160.00,640.00),(2110,748,14,4,320.00,1280.00),(2111,749,23,2,220.00,440.00),(2112,749,48,1,280.00,280.00),(2113,749,8,3,420.00,1260.00),(2114,749,6,4,245.00,980.00),(2115,750,44,4,450.00,1800.00),(2116,750,45,1,95.00,95.00),(2117,750,26,3,290.00,870.00),(2118,751,9,3,310.00,930.00),(2119,751,4,4,20.00,80.00),(2120,751,28,2,380.00,760.00),(2121,751,5,1,250.00,250.00),(2122,752,8,4,420.00,1680.00),(2123,752,42,3,240.00,720.00),(2124,753,14,4,320.00,1280.00),(2125,753,7,3,890.00,2670.00),(2126,753,28,4,380.00,1520.00),(2127,754,23,1,220.00,220.00),(2128,754,32,2,890.00,1780.00),(2129,754,27,3,280.00,840.00),(2130,755,14,2,320.00,640.00),(2131,755,22,4,190.00,760.00),(2132,756,13,1,195.00,195.00),(2133,757,36,3,320.00,960.00),(2134,758,15,1,560.00,560.00),(2135,759,18,4,1100.00,4400.00),(2136,760,19,3,780.00,2340.00),(2137,760,35,4,280.00,1120.00),(2138,760,43,1,180.00,180.00),(2139,760,16,1,480.00,480.00),(2140,761,31,2,1100.00,2200.00),(2141,761,27,4,280.00,1120.00),(2142,762,17,1,1200.00,1200.00),(2143,763,18,2,1100.00,2200.00),(2144,763,14,4,320.00,1280.00),(2145,763,46,4,380.00,1520.00),(2146,763,43,1,180.00,180.00),(2147,764,33,2,195.00,390.00),(2148,765,6,2,245.00,490.00),(2149,765,47,4,320.00,1280.00),(2150,765,22,3,190.00,570.00),(2151,765,38,3,160.00,480.00),(2152,766,9,1,310.00,310.00),(2153,766,35,1,280.00,280.00),(2154,767,19,3,780.00,2340.00),(2155,768,8,3,420.00,1260.00),(2156,768,50,2,450.00,900.00),(2158,769,42,2,240.00,480.00),(2159,769,43,2,180.00,360.00),(2160,769,49,3,680.00,2040.00),(2161,769,17,1,1200.00,1200.00),(2162,770,30,1,450.00,450.00),(2163,770,22,3,190.00,570.00),(2164,771,5,4,250.00,1000.00),(2165,771,39,4,140.00,560.00),(2166,771,28,2,380.00,760.00),(2168,771,50,4,450.00,1800.00),(2169,772,30,4,450.00,1800.00),(2171,773,36,3,320.00,960.00),(2172,774,16,3,480.00,1440.00),(2173,774,19,2,780.00,1560.00),(2174,774,48,1,280.00,280.00),(2175,774,21,2,280.00,560.00),(2176,774,20,3,900.00,2700.00),(2177,775,26,1,290.00,290.00),(2178,775,23,1,220.00,220.00),(2179,776,10,1,1450.00,1450.00),(2180,777,24,3,150.00,450.00),(2181,777,2,3,249.99,749.97),(2182,777,22,3,190.00,570.00),(2183,777,8,2,420.00,840.00),(2184,778,43,2,180.00,360.00),(2185,778,41,4,210.00,840.00),(2186,779,34,1,85.00,85.00),(2187,779,4,2,20.00,40.00),(2188,779,21,1,280.00,280.00),(2189,780,5,1,250.00,250.00),(2190,780,25,2,120.00,240.00),(2191,781,42,3,240.00,720.00),(2192,781,12,1,380.00,380.00),(2193,781,41,2,210.00,420.00),(2194,781,31,3,1100.00,3300.00),(2196,782,10,1,1450.00,1450.00),(2197,782,19,4,780.00,3120.00),(2198,783,21,4,280.00,1120.00),(2199,783,38,3,160.00,480.00),(2200,783,33,3,195.00,585.00),(2201,783,44,4,450.00,1800.00),(2202,784,8,1,420.00,420.00),(2203,784,26,4,290.00,1160.00),(2204,785,7,2,890.00,1780.00),(2205,785,16,2,480.00,960.00),(2206,786,17,2,1200.00,2400.00),(2207,787,35,4,280.00,1120.00),(2208,787,45,2,95.00,190.00),(2209,787,34,4,85.00,340.00),(2210,788,20,4,900.00,3600.00),(2211,788,35,3,280.00,840.00),(2212,788,45,3,95.00,285.00),(2213,788,34,4,85.00,340.00),(2214,788,29,4,80.00,320.00),(2215,789,31,4,1100.00,4400.00),(2216,789,20,3,900.00,2700.00),(2217,789,38,4,160.00,640.00),(2218,790,50,4,450.00,1800.00),(2219,790,20,3,900.00,2700.00),(2220,791,48,2,280.00,560.00),(2221,791,19,4,780.00,3120.00),(2222,791,10,1,1450.00,1450.00),(2223,791,15,4,560.00,2240.00),(2224,792,24,4,150.00,600.00),(2225,793,15,2,560.00,1120.00),(2226,793,24,1,150.00,150.00),(2227,793,34,3,85.00,255.00),(2228,794,27,2,280.00,560.00),(2229,794,23,3,220.00,660.00),(2230,794,24,4,150.00,600.00),(2231,795,14,1,320.00,320.00),(2232,795,19,4,780.00,3120.00),(2233,795,48,1,280.00,280.00),(2234,795,47,2,320.00,640.00),(2235,796,20,3,900.00,2700.00),(2236,796,48,4,280.00,1120.00),(2237,796,47,1,320.00,320.00),(2238,796,39,1,140.00,140.00),(2239,797,37,4,390.00,1560.00),(2240,797,38,2,160.00,320.00),(2241,797,2,3,249.99,749.97),(2242,797,28,1,380.00,380.00),(2243,798,45,3,95.00,285.00),(2244,799,22,3,190.00,570.00),(2245,799,37,3,390.00,1170.00),(2246,800,30,2,450.00,900.00),(2247,801,7,1,890.00,890.00),(2248,802,13,2,195.00,390.00),(2249,803,18,1,1100.00,1100.00),(2250,803,34,2,85.00,170.00),(2251,803,20,3,900.00,2700.00),(2252,803,35,2,280.00,560.00),(2253,804,43,3,180.00,540.00),(2254,804,33,3,195.00,585.00),(2255,804,41,2,210.00,420.00),(2256,804,40,1,180.00,180.00),(2257,804,4,1,20.00,20.00),(2258,805,5,4,250.00,1000.00),(2259,805,24,1,150.00,150.00),(2260,806,43,4,180.00,720.00),(2261,806,44,3,450.00,1350.00),(2262,806,4,2,20.00,40.00),(2263,806,18,2,1100.00,2200.00),(2264,806,7,2,890.00,1780.00),(2265,807,16,2,480.00,960.00),(2266,807,13,4,195.00,780.00),(2267,808,46,3,380.00,1140.00),(2268,809,44,3,450.00,1350.00),(2269,809,48,1,280.00,280.00),(2270,809,32,2,890.00,1780.00),(2271,809,22,4,190.00,760.00),(2272,809,21,2,280.00,560.00),(2273,810,48,1,280.00,280.00),(2274,810,23,4,220.00,880.00),(2275,810,47,2,320.00,640.00),(2276,810,22,1,190.00,190.00),(2277,811,28,1,380.00,380.00),(2278,812,32,4,890.00,3560.00),(2279,812,26,4,290.00,1160.00),(2280,813,27,1,280.00,280.00),(2281,813,17,3,1200.00,3600.00),(2282,813,6,4,245.00,980.00),(2283,813,34,2,85.00,170.00),(2284,813,43,2,180.00,360.00),(2285,814,2,3,249.99,749.97),(2286,814,30,1,450.00,450.00),(2287,814,47,3,320.00,960.00),(2288,815,26,2,290.00,580.00),(2289,815,18,2,1100.00,2200.00),(2290,815,30,1,450.00,450.00),(2291,816,23,3,220.00,660.00),(2292,816,36,4,320.00,1280.00),(2293,816,8,3,420.00,1260.00),(2294,816,19,3,780.00,2340.00),(2295,816,43,1,180.00,180.00),(2296,817,41,1,210.00,210.00),(2297,817,30,4,450.00,1800.00),(2298,817,5,4,250.00,1000.00),(2299,817,49,3,680.00,2040.00),(2301,818,14,1,320.00,320.00),(2302,818,9,2,310.00,620.00),(2303,819,50,4,450.00,1800.00),(2304,819,8,2,420.00,840.00),(2305,819,5,3,250.00,750.00),(2306,820,25,3,120.00,360.00),(2307,820,23,1,220.00,220.00),(2308,821,31,1,1100.00,1100.00),(2309,822,4,1,20.00,20.00),(2310,822,26,4,290.00,1160.00),(2311,822,39,3,140.00,420.00),(2312,823,42,2,240.00,480.00),(2313,824,47,3,320.00,960.00),(2314,824,28,3,380.00,1140.00),(2315,824,8,4,420.00,1680.00),(2316,825,26,4,290.00,1160.00),(2318,825,24,1,150.00,150.00),(2319,825,7,4,890.00,3560.00),(2320,825,30,4,450.00,1800.00),(2321,826,40,3,180.00,540.00),(2322,826,32,2,890.00,1780.00),(2323,827,2,2,249.99,499.98),(2324,827,6,2,245.00,490.00),(2325,827,31,2,1100.00,2200.00),(2326,827,45,2,95.00,190.00),(2327,828,10,1,1450.00,1450.00),(2328,828,47,4,320.00,1280.00),(2329,828,30,3,450.00,1350.00),(2330,829,38,1,160.00,160.00),(2331,830,46,2,380.00,760.00),(2332,830,40,3,180.00,540.00),(2333,831,7,3,890.00,2670.00),(2334,832,15,1,560.00,560.00),(2335,832,16,4,480.00,1920.00),(2336,832,37,4,390.00,1560.00),(2337,833,50,3,450.00,1350.00),(2338,833,32,1,890.00,890.00),(2339,833,41,1,210.00,210.00),(2340,834,40,2,180.00,360.00),(2341,834,24,1,150.00,150.00),(2342,834,37,4,390.00,1560.00),(2343,834,36,4,320.00,1280.00),(2344,834,39,1,140.00,140.00),(2345,835,29,4,80.00,320.00),(2346,835,28,1,380.00,380.00),(2347,835,13,3,195.00,585.00),(2348,836,30,3,450.00,1350.00),(2349,836,26,4,290.00,1160.00),(2350,836,46,2,380.00,760.00),(2351,836,44,3,450.00,1350.00),(2352,837,10,1,1450.00,1450.00),(2353,838,48,3,280.00,840.00),(2354,838,27,4,280.00,1120.00),(2355,838,42,4,240.00,960.00),(2356,839,38,3,160.00,480.00),(2357,839,14,3,320.00,960.00),(2358,840,4,2,20.00,40.00),(2359,840,23,1,220.00,220.00),(2360,841,25,4,120.00,480.00),(2361,841,22,4,190.00,760.00),(2362,841,7,2,890.00,1780.00),(2363,842,18,2,1100.00,2200.00),(2364,842,4,3,20.00,60.00),(2365,843,49,1,680.00,680.00),(2366,843,6,4,245.00,980.00),(2367,844,32,4,890.00,3560.00),(2368,845,8,1,420.00,420.00),(2369,845,41,2,210.00,420.00),(2370,845,33,3,195.00,585.00),(2371,845,34,2,85.00,170.00),(2372,846,48,4,280.00,1120.00),(2373,846,46,3,380.00,1140.00),(2374,846,14,2,320.00,640.00),(2375,847,45,2,95.00,190.00),(2376,848,19,3,780.00,2340.00),(2377,848,37,2,390.00,780.00),(2378,848,15,3,560.00,1680.00),(2379,848,13,4,195.00,780.00),(2380,849,15,1,560.00,560.00),(2381,850,33,4,195.00,780.00),(2382,850,9,4,310.00,1240.00),(2383,851,38,4,160.00,640.00),(2384,851,50,4,450.00,1800.00),(2385,852,33,3,195.00,585.00),(2386,852,45,2,95.00,190.00),(2387,852,19,1,780.00,780.00),(2388,852,20,1,900.00,900.00),(2389,853,29,4,80.00,320.00),(2390,853,31,3,1100.00,3300.00),(2391,853,25,3,120.00,360.00),(2392,853,20,2,900.00,1800.00),(2393,854,42,3,240.00,720.00),(2394,855,38,2,160.00,320.00),(2395,855,26,3,290.00,870.00),(2396,856,10,3,1450.00,4350.00),(2397,856,29,2,80.00,160.00),(2398,857,43,4,180.00,720.00),(2399,857,39,3,140.00,420.00),(2400,857,27,1,280.00,280.00),(2401,858,12,4,380.00,1520.00),(2402,858,49,1,680.00,680.00),(2403,858,37,2,390.00,780.00),(2404,858,46,4,380.00,1520.00),(2405,858,6,1,245.00,245.00),(2406,859,42,2,240.00,480.00),(2407,859,10,2,1450.00,2900.00),(2408,859,8,1,420.00,420.00),(2409,860,28,1,380.00,380.00),(2410,861,26,3,290.00,870.00),(2411,861,21,1,280.00,280.00),(2412,861,43,4,180.00,720.00),(2413,862,27,2,280.00,560.00),(2414,862,26,4,290.00,1160.00),(2415,862,19,3,780.00,2340.00),(2416,862,31,2,1100.00,2200.00),(2417,863,4,1,20.00,20.00),(2418,863,41,3,210.00,630.00),(2419,863,15,4,560.00,2240.00),(2420,863,27,2,280.00,560.00),(2421,864,5,2,250.00,500.00),(2422,864,40,4,180.00,720.00),(2423,864,15,1,560.00,560.00),(2424,865,30,4,450.00,1800.00),(2425,865,4,4,20.00,80.00),(2426,865,45,4,95.00,380.00),(2427,865,21,3,280.00,840.00),(2428,865,36,3,320.00,960.00),(2429,866,34,3,85.00,255.00),(2430,867,7,1,890.00,890.00),(2431,867,17,3,1200.00,3600.00),(2432,867,36,1,320.00,320.00),(2433,867,25,1,120.00,120.00),(2434,868,23,2,220.00,440.00),(2435,868,2,1,249.99,249.99),(2436,869,37,3,390.00,1170.00),(2437,870,32,3,890.00,2670.00),(2438,870,40,2,180.00,360.00),(2439,870,36,3,320.00,960.00),(2440,871,25,2,120.00,240.00),(2441,871,45,3,95.00,285.00),(2442,871,41,3,210.00,630.00),(2443,871,2,1,249.99,249.99),(2444,872,31,4,1100.00,4400.00),(2446,872,29,1,80.00,80.00),(2447,873,29,3,80.00,240.00),(2448,873,6,3,245.00,735.00),(2449,873,8,1,420.00,420.00),(2450,873,7,2,890.00,1780.00),(2451,873,38,1,160.00,160.00),(2452,874,9,3,310.00,930.00),(2453,874,47,2,320.00,640.00),(2454,874,31,1,1100.00,1100.00),(2455,875,44,3,450.00,1350.00),(2456,876,4,1,20.00,20.00),(2457,877,49,4,680.00,2720.00),(2458,878,45,1,95.00,95.00),(2459,878,6,1,245.00,245.00),(2460,878,29,2,80.00,160.00),(2461,879,29,1,80.00,80.00),(2462,880,40,4,180.00,720.00),(2463,880,17,3,1200.00,3600.00),(2464,880,13,1,195.00,195.00),(2465,880,34,3,85.00,255.00),(2466,881,33,3,195.00,585.00),(2467,881,18,1,1100.00,1100.00),(2468,881,14,3,320.00,960.00),(2469,882,28,4,380.00,1520.00),(2470,882,23,3,220.00,660.00),(2471,883,21,1,280.00,280.00),(2472,883,45,2,95.00,190.00),(2473,883,27,4,280.00,1120.00),(2474,884,17,4,1200.00,4800.00),(2475,884,23,3,220.00,660.00),(2476,884,22,3,190.00,570.00),(2477,885,7,4,890.00,3560.00),(2478,885,30,4,450.00,1800.00),(2479,885,25,4,120.00,480.00),(2480,885,6,1,245.00,245.00),(2481,885,47,2,320.00,640.00),(2482,886,15,2,560.00,1120.00),(2483,886,25,3,120.00,360.00),(2484,886,35,1,280.00,280.00),(2485,887,31,1,1100.00,1100.00),(2486,887,27,4,280.00,1120.00),(2487,887,17,3,1200.00,3600.00),(2488,887,24,3,150.00,450.00),(2489,888,42,2,240.00,480.00),(2490,888,14,2,320.00,640.00),(2491,889,47,4,320.00,1280.00),(2492,889,6,2,245.00,490.00),(2493,889,41,4,210.00,840.00),(2494,889,38,1,160.00,160.00),(2495,890,17,1,1200.00,1200.00),(2496,891,22,3,190.00,570.00),(2497,891,6,4,245.00,980.00),(2498,891,13,3,195.00,585.00),(2499,892,26,4,290.00,1160.00),(2500,893,47,3,320.00,960.00),(2501,893,10,4,1450.00,5800.00),(2502,894,15,4,560.00,2240.00),(2503,895,12,1,380.00,380.00),(2504,895,16,4,480.00,1920.00),(2505,895,36,4,320.00,1280.00),(2506,896,32,1,890.00,890.00),(2507,896,45,2,95.00,190.00),(2508,897,4,2,20.00,40.00),(2509,897,38,3,160.00,480.00),(2510,897,30,3,450.00,1350.00),(2511,898,27,1,280.00,280.00),(2512,898,40,3,180.00,540.00),(2513,898,2,4,249.99,999.96),(2514,898,49,3,680.00,2040.00),(2515,899,10,1,1450.00,1450.00),(2516,899,2,4,249.99,999.96),(2518,899,48,2,280.00,560.00),(2519,900,34,1,85.00,85.00),(2520,900,23,3,220.00,660.00),(2521,900,31,3,1100.00,3300.00),(2522,900,37,1,390.00,390.00),(2523,900,25,1,120.00,120.00),(2524,901,19,3,780.00,2340.00),(2525,901,5,3,250.00,750.00),(2526,901,24,3,150.00,450.00),(2527,901,45,3,95.00,285.00),(2528,901,12,4,380.00,1520.00);
/*!40000 ALTER TABLE `sale_items` ENABLE KEYS */;
UNLOCK TABLES;

--
-- Table structure for table `sales`
--

DROP TABLE IF EXISTS `sales`;
/*!40101 SET @saved_cs_client     = @@character_set_client */;
/*!50503 SET character_set_client = utf8mb4 */;
CREATE TABLE `sales` (
  `id` int NOT NULL AUTO_INCREMENT,
  `invoice_number` varchar(20) NOT NULL,
  `sale_date` datetime DEFAULT CURRENT_TIMESTAMP,
  `total_amount` decimal(10,2) DEFAULT NULL,
  `user_id` int DEFAULT NULL,
  PRIMARY KEY (`id`),
  UNIQUE KEY `invoice_number` (`invoice_number`),
  KEY `user_id` (`user_id`),
  CONSTRAINT `sales_ibfk_1` FOREIGN KEY (`user_id`) REFERENCES `users` (`id`)
) ENGINE=InnoDB AUTO_INCREMENT=902 DEFAULT CHARSET=utf8mb4 COLLATE=utf8mb4_0900_ai_ci;
/*!40101 SET character_set_client = @saved_cs_client */;

--
-- Dumping data for table `sales`
--

LOCK TABLES `sales` WRITE;
/*!40000 ALTER TABLE `sales` DISABLE KEYS */;
INSERT INTO `sales` VALUES (1,'INV01000','2026-01-21 05:34:26',1680.00,1),(2,'INV01001','2026-03-28 15:09:26',2070.00,1),(3,'INV01002','2025-12-03 15:25:26',0.00,1),(4,'INV01003','2026-02-15 09:00:26',4245.00,1),(5,'INV01004','2026-02-28 10:16:26',4060.00,1),(6,'INV01005','2026-04-13 11:41:26',600.00,1),(7,'INV01006','2026-03-31 15:56:26',80.00,1),(8,'INV01007','2026-01-07 13:39:26',3904.98,1),(9,'INV01008','2026-01-28 06:12:26',360.00,1),(10,'INV01009','2026-02-14 05:49:26',5800.00,1),(11,'INV01010','2026-01-18 15:28:26',3820.00,1),(12,'INV01011','2026-04-29 12:35:26',1970.00,1),(13,'INV01012','2026-03-06 07:36:26',9550.00,1),(14,'INV01013','2025-11-29 16:48:26',2860.00,1),(15,'INV01014','2026-05-14 13:02:26',780.00,1),(16,'INV01015','2025-11-26 06:24:26',1280.00,1),(17,'INV01016','2026-05-04 10:29:26',4385.00,1),(18,'INV01017','2026-05-12 09:54:26',5879.96,1),(19,'INV01018','2025-12-13 06:18:26',2920.00,1),(20,'INV01019','2026-03-31 16:15:26',3345.00,1),(21,'INV01020','2026-01-19 16:05:26',2470.00,1),(22,'INV01021','2026-03-16 16:31:26',4120.00,1),(23,'INV01022','2026-02-05 06:16:26',2470.00,1),(24,'INV01023','2026-05-06 07:52:26',5300.00,1),(25,'INV01024','2026-03-07 15:28:26',1320.00,1),(26,'INV01025','2026-01-28 09:05:26',3740.00,1),(27,'INV01026','2026-03-20 13:56:26',10970.00,1),(28,'INV01027','2026-01-08 16:32:26',2560.00,1),(29,'INV01028','2025-12-17 15:48:26',5150.00,1),(30,'INV01029','2026-02-02 06:12:26',4115.00,1),(31,'INV01030','2026-04-19 07:43:26',610.00,1),(32,'INV01031','2026-05-11 15:21:26',6170.00,1),(33,'INV01032','2025-12-09 09:06:26',1320.00,1),(34,'INV01033','2026-04-06 11:25:26',5640.00,1),(35,'INV01034','2025-12-15 15:28:26',0.00,1),(36,'INV01035','2025-12-20 12:40:26',5770.00,1),(37,'INV01036','2026-05-04 10:29:26',1920.00,1),(38,'INV01037','2025-12-18 07:55:26',210.00,1),(39,'INV01038','2026-02-06 17:18:26',6020.00,1),(40,'INV01039','2026-03-13 10:25:26',6160.00,1),(41,'INV01040','2026-03-22 07:18:26',390.00,1),(42,'INV01041','2025-12-08 10:44:26',2085.00,1),(43,'INV01042','2026-02-24 16:27:26',900.00,1),(44,'INV01043','2025-12-03 18:15:26',2640.00,1),(45,'INV01044','2026-05-21 10:29:26',8940.00,1),(46,'INV01045','2026-02-26 17:37:26',6360.00,1),(47,'INV01046','2026-01-03 08:48:26',8470.00,1),(48,'INV01047','2025-12-08 12:58:26',2984.97,1),(49,'INV01048','2025-12-02 07:41:26',4260.00,1),(50,'INV01049','2025-11-29 08:14:26',1225.00,1),(51,'INV01050','2026-02-08 14:21:26',450.00,1),(52,'INV01051','2026-02-19 10:37:26',5800.00,1),(53,'INV01052','2026-02-23 12:47:26',2040.00,1),(54,'INV01053','2026-03-10 13:45:26',380.00,1),(55,'INV01054','2026-02-03 08:18:26',7360.00,1),(56,'INV01055','2026-02-20 06:15:26',4480.00,1),(57,'INV01056','2026-02-07 11:17:26',1879.96,1),(58,'INV01057','2026-03-31 15:26:26',1380.00,1),(59,'INV01058','2026-01-25 10:04:26',8200.00,1),(60,'INV01059','2025-12-03 07:03:26',2385.00,1),(61,'INV01060','2026-05-07 07:16:26',2350.00,1),(62,'INV01061','2026-01-26 11:22:26',2900.00,1),(63,'INV01062','2026-04-29 14:51:26',2570.00,1),(64,'INV01063','2026-04-07 10:31:26',3725.00,1),(65,'INV01064','2025-12-26 16:50:26',1480.00,1),(66,'INV01065','2025-11-28 08:18:26',1120.00,1),(67,'INV01066','2026-01-06 08:56:26',4600.00,1),(68,'INV01067','2026-01-27 13:51:26',1849.97,1),(69,'INV01068','2026-04-17 06:32:26',1570.00,1),(70,'INV01069','2025-12-10 06:35:26',0.00,1),(71,'INV01070','2026-01-13 09:02:26',8340.00,1),(72,'INV01071','2026-03-04 17:25:26',1670.00,1),(73,'INV01072','2026-04-28 17:11:26',1170.00,1),(74,'INV01073','2026-01-11 13:27:26',1200.00,1),(75,'INV01074','2026-05-08 11:19:26',4630.00,1),(76,'INV01075','2026-05-19 17:45:26',1120.00,1),(77,'INV01076','2026-01-17 17:47:26',3000.00,1),(78,'INV01077','2026-04-13 14:37:26',780.00,1),(79,'INV01078','2026-01-28 06:50:26',4020.00,1),(80,'INV01079','2026-04-14 09:54:26',1680.00,1),(81,'INV01080','2025-12-27 15:05:26',2490.00,1),(82,'INV01081','2026-01-07 16:34:26',5330.00,1),(83,'INV01082','2026-03-14 15:57:26',95.00,1),(84,'INV01083','2026-04-16 13:27:26',1679.97,1),(85,'INV01084','2026-05-19 16:48:26',2960.00,1),(86,'INV01085','2025-12-31 06:10:26',250.00,1),(87,'INV01086','2026-01-26 17:49:26',3045.00,1),(88,'INV01087','2026-01-22 13:45:26',1530.00,1),(89,'INV01088','2026-04-01 14:22:26',6039.96,1),(90,'INV01089','2026-01-30 08:58:26',1120.00,1),(91,'INV01090','2026-04-15 09:01:26',3520.00,1),(92,'INV01091','2026-04-23 17:23:26',2480.00,1),(93,'INV01092','2026-03-31 10:12:26',960.00,1),(94,'INV01093','2026-04-27 06:36:26',280.00,1),(95,'INV01094','2026-04-23 13:28:26',1700.00,1),(96,'INV01095','2026-01-18 10:33:26',1800.00,1),(97,'INV01096','2025-12-14 12:00:26',3599.96,1),(98,'INV01097','2026-02-23 05:39:26',320.00,1),(99,'INV01098','2025-12-03 14:31:26',1529.99,1),(100,'INV01099','2025-12-03 09:51:26',1020.00,1),(101,'INV01100','2026-05-12 12:52:26',1320.00,1),(102,'INV01101','2026-05-02 07:49:26',2610.00,1),(103,'INV01102','2025-12-30 17:23:26',2290.00,1),(104,'INV01103','2026-03-21 11:34:26',2475.00,1),(105,'INV01104','2025-11-26 07:02:26',6390.00,1),(106,'INV01105','2026-03-30 15:24:26',6730.00,1),(107,'INV01106','2026-02-18 16:44:26',3990.00,1),(108,'INV01107','2026-04-21 12:10:26',6940.00,1),(109,'INV01108','2025-12-17 13:53:26',3080.00,1),(110,'INV01109','2026-05-07 13:08:26',2095.00,1),(111,'INV01110','2025-12-13 16:13:26',2419.96,1),(112,'INV01111','2025-12-27 05:39:26',2670.00,1),(113,'INV01112','2025-11-29 13:12:26',1940.00,1),(114,'INV01113','2026-04-12 14:40:26',3880.00,1),(115,'INV01114','2026-03-12 12:39:26',6520.00,1),(116,'INV01115','2026-02-18 09:50:26',1280.00,1),(117,'INV01116','2026-02-21 08:30:26',1110.00,1),(118,'INV01117','2026-04-06 15:35:26',1145.00,1),(119,'INV01118','2026-03-16 13:48:26',3480.00,1),(120,'INV01119','2025-12-10 17:12:26',2400.00,1),(121,'INV01120','2026-04-06 06:24:26',4075.00,1),(122,'INV01121','2025-12-03 10:15:26',5070.00,1),(123,'INV01122','2026-02-03 10:43:26',3420.00,1),(124,'INV01123','2026-03-28 17:09:26',960.00,1),(125,'INV01124','2026-04-02 15:53:26',1720.00,1),(126,'INV01125','2025-12-22 13:17:26',7400.00,1),(127,'INV01126','2025-12-20 06:36:26',3900.00,1),(128,'INV01127','2026-01-14 15:15:26',3525.00,1),(129,'INV01128','2026-02-27 13:29:26',2960.00,1),(130,'INV01129','2025-11-27 12:43:26',6460.00,1),(131,'INV01130','2026-01-19 08:47:26',195.00,1),(132,'INV01131','2025-12-27 16:43:26',1000.00,1),(133,'INV01132','2026-04-10 09:56:26',5380.00,1),(134,'INV01133','2025-12-31 12:22:26',380.00,1),(135,'INV01134','2026-03-31 13:38:26',8000.00,1),(136,'INV01135','2026-01-02 05:44:26',890.00,1),(137,'INV01136','2026-01-06 10:56:26',280.00,1),(138,'INV01137','2026-04-24 08:46:26',1060.00,1),(139,'INV01138','2026-05-07 06:44:26',1120.00,1),(140,'INV01139','2026-05-15 09:06:26',2880.00,1),(141,'INV01140','2026-02-05 17:33:26',1780.00,1),(142,'INV01141','2026-02-05 06:33:26',1800.00,1),(143,'INV01142','2025-12-25 15:33:26',3300.00,1),(144,'INV01143','2026-03-18 14:08:26',1570.00,1),(145,'INV01144','2026-01-17 14:16:26',2600.00,1),(146,'INV01145','2026-04-08 07:30:26',2875.00,1),(147,'INV01146','2025-12-14 10:08:26',999.96,1),(148,'INV01147','2026-04-15 13:00:26',3440.00,1),(149,'INV01148','2025-12-17 06:39:26',3120.00,1),(150,'INV01149','2026-03-05 07:36:26',3720.00,1),(151,'INV01150','2026-03-15 13:12:26',2640.00,1),(152,'INV01151','2026-01-14 05:45:26',2250.00,1),(153,'INV01152','2026-01-22 10:46:26',2760.00,1),(154,'INV01153','2026-02-10 16:52:26',1800.00,1),(155,'INV01154','2025-11-28 09:55:26',3790.00,1),(156,'INV01155','2026-02-24 09:33:26',3270.00,1),(157,'INV01156','2026-02-19 12:27:26',3860.00,1),(158,'INV01157','2026-05-02 11:55:26',1509.99,1),(159,'INV01158','2026-01-07 12:38:26',1620.00,1),(160,'INV01159','2026-03-16 05:55:26',1060.00,1),(161,'INV01160','2026-04-22 11:39:26',4060.00,1),(162,'INV01161','2026-03-27 13:37:26',540.00,1),(163,'INV01162','2026-02-16 08:55:26',499.98,1),(164,'INV01163','2025-12-08 17:10:26',1080.00,1),(165,'INV01164','2026-05-19 07:45:26',800.00,1),(166,'INV01165','2026-03-21 18:20:26',929.99,1),(167,'INV01166','2026-04-22 07:45:26',190.00,1),(168,'INV01167','2025-11-28 17:52:26',5380.00,1),(169,'INV01168','2025-12-31 15:53:26',1800.00,1),(170,'INV01169','2026-02-19 08:52:26',1900.00,1),(171,'INV01170','2026-04-28 08:07:26',6690.00,1),(172,'INV01171','2026-04-04 14:23:26',4209.97,1),(173,'INV01172','2026-02-23 16:41:26',3870.00,1),(174,'INV01173','2026-04-25 11:24:26',1100.00,1),(175,'INV01174','2026-01-16 14:55:26',3805.00,1),(176,'INV01175','2026-02-08 08:43:26',405.00,1),(177,'INV01176','2026-01-14 07:24:26',5785.00,1),(178,'INV01177','2026-05-09 14:35:26',3860.00,1),(179,'INV01178','2025-12-12 11:37:26',630.00,1),(180,'INV01179','2026-01-21 06:30:26',1135.00,1),(181,'INV01180','2026-02-18 10:44:26',249.99,1),(182,'INV01181','2026-04-14 09:23:26',1640.00,1),(183,'INV01182','2026-02-25 15:58:26',4819.96,1),(184,'INV01183','2026-02-12 07:14:26',7800.00,1),(185,'INV01184','2025-12-05 09:21:26',3880.00,1),(186,'INV01185','2026-01-08 11:49:26',3210.00,1),(187,'INV01186','2026-01-31 13:34:26',7320.00,1),(188,'INV01187','2025-12-03 10:02:26',2040.00,1),(189,'INV01188','2026-03-03 07:40:26',4400.00,1),(190,'INV01189','2026-03-18 10:58:26',2120.00,1),(191,'INV01190','2026-02-08 14:45:26',4580.00,1),(192,'INV01191','2026-04-13 09:05:26',2610.00,1),(193,'INV01192','2026-02-26 12:33:26',7790.00,1),(194,'INV01193','2025-12-11 17:32:26',3370.00,1),(195,'INV01194','2025-12-05 07:10:26',10680.00,1),(196,'INV01195','2026-02-10 12:25:26',3639.96,1),(197,'INV01196','2026-05-11 10:38:26',3625.00,1),(198,'INV01197','2026-01-30 11:30:26',1270.00,1),(199,'INV01198','2026-02-12 10:07:26',1669.99,1),(200,'INV01199','2026-03-02 09:10:26',5530.00,1),(201,'INV01200','2026-01-31 16:07:26',1260.00,1),(202,'INV01201','2026-01-16 09:35:26',620.00,1),(203,'INV01202','2026-03-02 13:32:26',3950.00,1),(204,'INV01203','2026-03-04 11:41:26',3400.00,1),(205,'INV01204','2026-01-14 08:40:26',2490.00,1),(206,'INV01205','2026-03-15 07:34:26',1340.00,1),(207,'INV01206','2026-01-17 15:55:26',3095.00,1),(208,'INV01207','2026-05-04 14:59:26',1195.00,1),(209,'INV01208','2026-02-11 11:25:26',999.96,1),(210,'INV01209','2025-12-01 07:06:26',80.00,1),(211,'INV01210','2026-03-10 06:41:26',1405.00,1),(212,'INV01211','2026-03-16 07:43:26',2020.00,1),(213,'INV01212','2026-04-10 17:14:26',2510.00,1),(214,'INV01213','2026-02-14 06:28:26',2000.00,1),(215,'INV01214','2026-02-03 18:21:26',8675.00,1),(216,'INV01215','2025-11-28 15:02:26',1950.00,1),(217,'INV01216','2026-04-30 16:06:26',1010.00,1),(218,'INV01217','2026-03-26 11:29:26',2950.00,1),(219,'INV01218','2026-01-03 18:25:26',5920.00,1),(220,'INV01219','2025-12-30 07:56:26',4830.00,1),(221,'INV01220','2025-12-25 16:01:26',380.00,1),(222,'INV01221','2026-05-10 13:13:26',1020.00,1),(223,'INV01222','2026-01-21 08:11:26',2360.00,1),(224,'INV01223','2026-02-24 08:17:26',5285.00,1),(225,'INV01224','2026-01-29 12:04:26',5910.00,1),(226,'INV01225','2026-01-05 09:43:26',3080.00,1),(227,'INV01226','2026-02-15 15:02:26',860.00,1),(228,'INV01227','2026-01-27 17:18:26',1840.00,1),(229,'INV01228','2026-03-10 14:05:26',230.00,1),(230,'INV01229','2025-11-29 05:38:26',2530.00,1),(231,'INV01230','2025-12-25 14:41:26',930.00,1),(232,'INV01231','2026-03-28 17:55:26',1600.00,1),(233,'INV01232','2026-01-17 09:39:26',4029.99,1),(234,'INV01233','2026-01-17 11:34:26',1760.00,1),(235,'INV01234','2026-03-24 08:09:26',4770.00,1),(236,'INV01235','2026-03-17 17:55:26',5050.00,1),(237,'INV01236','2026-02-01 16:58:26',5740.00,1),(238,'INV01237','2025-12-13 09:07:26',2320.00,1),(239,'INV01238','2026-01-23 06:29:26',1920.00,1),(240,'INV01239','2026-03-10 12:11:26',540.00,1),(241,'INV01240','2026-05-02 16:11:26',210.00,1),(242,'INV01241','2026-01-06 14:27:26',4640.00,1),(243,'INV01242','2026-01-15 15:28:26',2725.00,1),(244,'INV01243','2026-05-23 10:01:26',450.00,1),(245,'INV01244','2026-01-14 11:39:26',1100.00,1),(246,'INV01245','2026-01-26 14:23:26',6540.00,1),(247,'INV01246','2026-01-20 11:31:26',10640.00,1),(248,'INV01247','2026-03-08 08:57:26',6610.00,1),(249,'INV01248','2026-02-05 18:08:26',380.00,1),(250,'INV01249','2026-01-01 05:50:26',380.00,1),(251,'INV01250','2026-04-06 12:51:26',4080.00,1),(252,'INV01251','2026-04-22 14:30:26',2810.00,1),(253,'INV01252','2026-03-16 17:54:26',5210.00,1),(254,'INV01253','2026-03-06 07:56:26',1095.00,1),(255,'INV01254','2026-01-25 14:51:26',3600.00,1),(256,'INV01255','2026-03-31 07:38:26',4270.00,1),(257,'INV01256','2026-02-28 17:17:26',1960.00,1),(258,'INV01257','2026-02-18 08:05:26',3280.00,1),(259,'INV01258','2026-03-18 16:54:26',1710.00,1),(260,'INV01259','2025-12-13 09:49:26',400.00,1),(261,'INV01260','2026-01-06 16:14:26',390.00,1),(262,'INV01261','2026-03-11 16:18:26',1479.98,1),(263,'INV01262','2026-05-20 06:06:26',3170.00,1),(264,'INV01263','2026-04-07 13:58:26',8020.00,1),(265,'INV01264','2026-05-05 11:31:26',1680.00,1),(266,'INV01265','2026-04-01 08:00:26',7460.00,1),(267,'INV01266','2025-12-22 08:03:26',7140.00,1),(268,'INV01267','2026-05-19 17:42:26',7120.00,1),(269,'INV01268','2026-02-09 07:00:26',4959.98,1),(270,'INV01269','2026-03-25 15:29:26',20.00,1),(271,'INV01270','2026-05-04 17:12:26',1890.00,1),(272,'INV01271','2026-05-02 06:54:26',0.00,1),(273,'INV01272','2026-03-24 08:29:26',7540.00,1),(274,'INV01273','2026-02-23 13:41:26',1680.00,1),(275,'INV01274','2025-12-21 12:33:26',5725.00,1),(276,'INV01275','2026-01-21 12:30:26',3890.00,1),(277,'INV01276','2026-03-23 10:55:26',20.00,1),(278,'INV01277','2025-12-23 15:34:26',930.00,1),(279,'INV01278','2025-12-06 06:09:26',3695.00,1),(280,'INV01279','2026-01-11 06:13:26',2585.00,1),(281,'INV01280','2026-05-25 15:18:26',5885.00,1),(282,'INV01281','2026-05-06 11:48:26',2140.00,1),(283,'INV01282','2026-03-11 11:34:26',1060.00,1),(284,'INV01283','2026-05-23 13:31:26',4380.00,1),(285,'INV01284','2025-11-28 05:55:26',1920.00,1),(286,'INV01285','2026-03-23 09:44:26',5040.00,1),(287,'INV01286','2026-04-17 15:07:26',3190.00,1),(288,'INV01287','2026-04-06 07:54:26',680.00,1),(289,'INV01288','2026-02-04 07:32:26',5240.00,1),(290,'INV01289','2025-12-22 06:13:26',320.00,1),(291,'INV01290','2026-02-09 09:50:26',0.00,1),(292,'INV01291','2025-12-29 11:32:26',6429.97,1),(293,'INV01292','2025-11-29 13:23:26',1585.00,1),(294,'INV01293','2025-12-24 11:32:26',1200.00,1),(295,'INV01294','2026-02-24 06:51:26',2480.00,1),(296,'INV01295','2026-02-25 17:43:26',5760.00,1),(297,'INV01296','2026-03-14 06:58:26',4915.00,1),(298,'INV01297','2026-03-22 08:24:26',1310.00,1),(299,'INV01298','2026-05-16 08:30:26',3590.00,1),(300,'INV01299','2026-01-12 06:51:26',3610.00,1),(301,'INV01300','2026-01-17 17:08:26',5040.00,1),(302,'INV01301','2026-03-20 16:55:26',1705.00,1),(303,'INV01302','2026-02-01 12:58:26',4800.00,1),(304,'INV01303','2025-12-30 07:56:26',2130.00,1),(305,'INV01304','2026-03-15 11:20:26',1930.00,1),(306,'INV01305','2026-04-04 08:13:26',2029.99,1),(307,'INV01306','2026-02-11 09:53:26',2250.00,1),(308,'INV01307','2026-03-01 15:40:26',1920.00,1),(309,'INV01308','2026-02-03 11:48:26',1300.00,1),(310,'INV01309','2026-03-07 06:31:26',2240.00,1),(311,'INV01310','2025-12-05 15:14:26',3470.00,1),(312,'INV01311','2025-12-04 16:27:26',1145.00,1),(313,'INV01312','2026-03-31 16:16:26',890.00,1),(314,'INV01313','2026-01-11 13:37:26',2200.00,1),(315,'INV01314','2026-02-12 13:09:26',1330.00,1),(316,'INV01315','2026-04-21 14:13:26',1120.00,1),(317,'INV01316','2026-03-01 15:01:26',6545.00,1),(318,'INV01317','2025-12-18 16:38:26',2645.00,1),(319,'INV01318','2026-01-03 09:27:26',600.00,1),(320,'INV01319','2025-12-04 13:03:26',6740.00,1),(321,'INV01320','2026-04-18 12:04:26',3760.00,1),(322,'INV01321','2026-05-10 15:10:26',1700.00,1),(323,'INV01322','2025-12-13 06:44:26',450.00,1),(324,'INV01323','2025-12-14 12:48:26',4480.00,1),(325,'INV01324','2025-12-24 15:31:26',4350.00,1),(326,'INV01325','2026-04-26 18:13:26',6230.00,1),(327,'INV01326','2026-02-20 06:57:26',2290.00,1),(328,'INV01327','2026-03-29 05:51:26',2740.00,1),(329,'INV01328','2026-02-17 07:14:26',5360.00,1),(330,'INV01329','2026-03-23 07:50:26',2395.00,1),(331,'INV01330','2026-02-25 06:51:26',2549.99,1),(332,'INV01331','2025-12-07 16:37:26',250.00,1),(333,'INV01332','2026-01-29 07:02:26',1875.00,1),(334,'INV01333','2026-03-09 15:29:26',3340.00,1),(335,'INV01334','2026-05-02 09:15:26',1760.00,1),(336,'INV01335','2026-04-09 10:00:26',4229.99,1),(337,'INV01336','2026-04-20 13:01:26',1830.00,1),(338,'INV01337','2026-05-03 05:57:26',3550.00,1),(339,'INV01338','2026-04-22 15:22:26',2505.00,1),(340,'INV01339','2026-03-28 06:28:26',980.00,1),(341,'INV01340','2025-12-14 12:16:26',2620.00,1),(342,'INV01341','2026-02-03 14:30:26',630.00,1),(343,'INV01342','2026-01-08 07:10:26',2400.00,1),(344,'INV01343','2026-01-11 13:58:26',4070.00,1),(345,'INV01344','2026-05-14 08:59:26',1850.00,1),(346,'INV01345','2026-04-04 17:49:26',0.00,1),(347,'INV01346','2026-04-07 11:33:26',4320.00,1),(348,'INV01347','2025-12-22 16:09:26',4400.00,1),(349,'INV01348','2026-01-19 14:19:26',2700.00,1),(350,'INV01349','2026-01-20 09:40:26',2180.00,1),(351,'INV01350','2026-03-25 09:57:26',320.00,1),(352,'INV01351','2026-05-18 06:39:26',4710.00,1),(353,'INV01352','2026-02-21 06:14:26',4990.00,1),(354,'INV01353','2026-03-09 15:42:26',875.00,1),(355,'INV01354','2025-12-12 05:38:26',7060.00,1),(356,'INV01355','2026-02-23 15:18:26',2040.00,1),(357,'INV01356','2026-04-30 15:25:26',2180.00,1),(358,'INV01357','2025-12-21 12:09:26',3130.00,1),(359,'INV01358','2026-04-14 05:45:26',2600.00,1),(360,'INV01359','2026-01-22 10:39:26',1160.00,1),(361,'INV01360','2026-02-27 05:48:26',3600.00,1),(362,'INV01361','2026-04-01 17:27:26',6930.00,1),(363,'INV01362','2026-05-01 18:00:26',4635.00,1),(364,'INV01363','2026-02-17 09:20:26',4240.00,1),(365,'INV01364','2026-01-12 13:30:26',5280.00,1),(366,'INV01365','2026-04-23 16:56:26',630.00,1),(367,'INV01366','2026-02-26 12:30:26',3860.00,1),(368,'INV01367','2026-01-15 08:57:26',1090.00,1),(369,'INV01368','2026-04-23 09:29:26',1269.98,1),(370,'INV01369','2026-01-15 08:33:26',2240.00,1),(371,'INV01370','2026-04-01 08:00:26',2225.00,1),(372,'INV01371','2025-12-18 11:18:26',220.00,1),(373,'INV01372','2026-03-03 05:56:26',1170.00,1),(374,'INV01373','2026-04-05 11:25:26',3795.00,1),(375,'INV01374','2026-04-28 08:44:26',640.00,1),(376,'INV01375','2026-02-10 12:15:26',1360.00,1),(377,'INV01376','2026-05-04 12:49:26',3860.00,1),(378,'INV01377','2026-04-29 10:37:26',840.00,1),(379,'INV01378','2025-12-30 06:31:26',870.00,1),(380,'INV01379','2026-02-07 09:33:26',4200.00,1),(381,'INV01380','2025-12-15 13:55:26',2445.00,1),(382,'INV01381','2026-01-26 06:15:26',2575.00,1),(383,'INV01382','2026-02-02 16:37:26',1600.00,1),(384,'INV01383','2025-12-08 14:41:26',1000.00,1),(385,'INV01384','2025-12-12 18:21:26',3040.00,1),(386,'INV01385','2025-12-24 18:05:26',1270.00,1),(387,'INV01386','2026-05-09 08:11:26',3380.00,1),(388,'INV01387','2025-11-26 08:45:26',190.00,1),(389,'INV01388','2026-02-11 11:19:26',2230.00,1),(390,'INV01389','2026-03-08 07:13:26',1200.00,1),(391,'INV01390','2026-02-21 05:34:26',840.00,1),(392,'INV01391','2026-04-29 14:32:26',380.00,1),(393,'INV01392','2026-02-04 15:49:26',3675.00,1),(394,'INV01393','2026-02-26 08:38:26',3135.00,1),(395,'INV01394','2026-03-16 15:42:26',1435.00,1),(396,'INV01395','2026-03-02 14:05:26',6720.00,1),(397,'INV01396','2026-05-21 16:42:26',3560.00,1),(398,'INV01397','2026-01-15 14:39:26',3069.98,1),(399,'INV01398','2026-05-13 14:44:26',2680.00,1),(400,'INV01399','2026-04-04 09:33:26',1780.00,1),(401,'INV01400','2026-04-01 06:30:26',1535.00,1),(402,'INV01401','2026-03-25 09:21:26',580.00,1),(403,'INV01402','2026-02-06 14:08:26',2700.00,1),(404,'INV01403','2026-01-12 07:42:26',1520.00,1),(405,'INV01404','2026-03-03 09:26:26',4055.00,1),(406,'INV01405','2026-03-28 13:22:26',6245.00,1),(407,'INV01406','2026-05-16 15:02:26',195.00,1),(408,'INV01407','2026-01-06 08:38:26',1290.00,1),(409,'INV01408','2026-02-25 08:33:26',3165.00,1),(410,'INV01409','2026-05-19 13:53:26',1215.00,1),(411,'INV01410','2025-12-27 12:10:26',5200.00,1),(412,'INV01411','2025-12-04 07:04:26',3700.00,1),(413,'INV01412','2026-03-26 10:35:26',3570.00,1),(414,'INV01413','2026-05-25 08:28:26',2400.00,1),(415,'INV01414','2025-12-31 11:14:26',1655.00,1),(416,'INV01415','2026-03-06 17:16:26',1520.00,1),(417,'INV01416','2026-04-20 17:12:26',1425.00,1),(418,'INV01417','2026-01-25 11:22:26',195.00,1),(419,'INV01418','2026-04-23 12:29:26',2040.00,1),(420,'INV01419','2026-01-18 07:21:26',3180.00,1),(421,'INV01420','2026-02-12 06:25:26',900.00,1),(422,'INV01421','2025-12-28 12:36:26',3990.00,1),(423,'INV01422','2026-01-02 10:52:26',4090.00,1),(424,'INV01423','2026-02-15 15:52:26',2219.98,1),(425,'INV01424','2026-01-25 10:40:26',960.00,1),(426,'INV01425','2026-03-31 06:28:26',585.00,1),(427,'INV01426','2026-03-09 16:43:26',4010.00,1),(428,'INV01427','2026-01-13 14:10:26',1669.97,1),(429,'INV01428','2026-02-10 05:32:26',3350.00,1),(430,'INV01429','2026-03-27 10:26:26',3589.97,1),(431,'INV01430','2026-04-27 08:40:26',450.00,1),(432,'INV01431','2026-04-01 18:10:26',980.00,1),(433,'INV01432','2026-05-08 08:02:26',2000.00,1),(434,'INV01433','2026-03-02 15:58:26',2820.00,1),(435,'INV01434','2026-05-07 09:43:26',3040.00,1),(436,'INV01435','2026-04-15 07:01:26',3380.00,1),(437,'INV01436','2026-01-26 09:14:26',3400.00,1),(438,'INV01437','2026-02-01 08:49:26',480.00,1),(439,'INV01438','2025-12-15 12:38:26',0.00,1),(440,'INV01439','2026-01-03 06:03:26',4200.00,1),(441,'INV01440','2025-12-22 06:47:26',3345.00,1),(442,'INV01441','2026-01-25 12:00:26',2345.00,1),(443,'INV01442','2026-02-08 07:28:26',1200.00,1),(444,'INV01443','2026-04-24 11:26:26',2710.00,1),(445,'INV01444','2026-03-18 12:12:26',4830.00,1),(446,'INV01445','2026-05-19 15:27:26',9000.00,1),(447,'INV01446','2026-03-30 11:25:26',1800.00,1),(448,'INV01447','2025-12-20 10:10:26',1200.00,1),(449,'INV01448','2025-12-30 15:51:26',2825.00,1),(450,'INV01449','2026-05-13 18:21:26',3850.00,1),(451,'INV01450','2025-12-10 08:20:26',5519.96,1),(452,'INV01451','2026-01-13 12:14:26',1830.00,1),(453,'INV01452','2026-05-03 08:52:26',1079.96,1),(454,'INV01453','2025-12-11 13:27:26',0.00,1),(455,'INV01454','2025-12-01 17:18:26',2720.00,1),(456,'INV01455','2026-03-05 09:10:26',1020.00,1),(457,'INV01456','2026-03-03 07:23:26',5850.00,1),(458,'INV01457','2026-03-26 14:29:26',3750.00,1),(459,'INV01458','2026-03-14 14:38:26',1240.00,1),(460,'INV01459','2026-03-08 15:43:26',6130.00,1),(461,'INV01460','2025-12-18 15:52:26',3340.00,1),(462,'INV01461','2026-01-17 10:27:26',1475.00,1),(463,'INV01462','2026-01-19 15:40:26',6210.00,1),(464,'INV01463','2026-03-28 13:29:26',5980.00,1),(465,'INV01464','2026-02-16 17:23:26',3180.00,1),(466,'INV01465','2026-02-05 17:10:26',4570.00,1),(467,'INV01466','2025-12-16 07:37:26',1210.00,1),(468,'INV01467','2026-01-07 10:55:26',1320.00,1),(469,'INV01468','2026-04-29 16:39:26',3095.00,1),(470,'INV01469','2026-04-24 08:08:26',1660.00,1),(471,'INV01470','2026-01-02 11:09:26',3200.00,1),(472,'INV01471','2026-05-08 12:05:26',3700.00,1),(473,'INV01472','2026-03-23 13:19:26',6020.00,1),(474,'INV01473','2026-03-17 13:31:26',160.00,1),(475,'INV01474','2026-04-02 11:08:26',5180.00,1),(476,'INV01475','2026-03-03 13:36:26',1919.99,1),(477,'INV01476','2026-02-25 17:58:26',3860.00,1),(478,'INV01477','2026-04-01 09:52:26',1990.00,1),(479,'INV01478','2025-12-06 05:42:26',3624.97,1),(480,'INV01479','2026-05-14 07:21:26',540.00,1),(481,'INV01480','2026-03-03 18:28:26',2020.00,1),(482,'INV01481','2025-12-17 18:26:26',5400.00,1),(483,'INV01482','2026-02-08 14:54:26',2760.00,1),(484,'INV01483','2026-03-23 07:20:26',2509.97,1),(485,'INV01484','2025-11-30 12:25:26',2139.96,1),(486,'INV01485','2026-02-18 16:01:26',720.00,1),(487,'INV01486','2026-04-27 06:42:26',1710.00,1),(488,'INV01487','2026-03-05 05:47:26',1725.00,1),(489,'INV01488','2026-05-04 18:10:26',2190.00,1),(490,'INV01489','2025-12-11 09:47:26',5050.00,1),(491,'INV01490','2026-01-16 13:01:26',775.00,1),(492,'INV01491','2025-12-31 14:04:26',5660.00,1),(493,'INV01492','2026-01-21 13:24:26',4920.00,1),(494,'INV01493','2026-03-20 16:10:26',1530.00,1),(495,'INV01494','2026-03-31 14:48:26',5060.00,1),(496,'INV01495','2026-05-18 15:49:26',1190.00,1),(497,'INV01496','2025-12-24 07:37:26',640.00,1),(498,'INV01497','2026-01-07 06:22:26',3030.00,1),(499,'INV01498','2026-04-22 14:51:26',640.00,1),(500,'INV01499','2026-01-07 16:17:26',2840.00,1),(501,'INV01500','2026-03-18 10:35:26',3270.00,1),(502,'INV01501','2026-01-21 10:28:26',1070.00,1),(503,'INV01502','2026-02-17 05:40:26',3760.00,1),(504,'INV01503','2025-12-19 16:15:26',85.00,1),(505,'INV01504','2026-01-02 07:55:26',3160.00,1),(506,'INV01505','2026-05-19 10:05:26',755.00,1),(507,'INV01506','2026-04-13 14:53:26',800.00,1),(508,'INV01507','2026-04-20 08:18:26',3760.00,1),(509,'INV01508','2026-05-02 18:03:26',3470.00,1),(510,'INV01509','2026-04-14 12:36:26',1820.00,1),(511,'INV01510','2026-05-06 12:12:26',2750.00,1),(512,'INV01511','2026-05-23 13:34:26',5035.00,1),(513,'INV01512','2026-05-07 17:14:26',7030.00,1),(514,'INV01513','2026-05-01 10:59:26',2960.00,1),(515,'INV01514','2026-05-11 05:59:26',4590.00,1),(516,'INV01515','2026-01-10 14:46:26',4195.00,1),(517,'INV01516','2026-05-24 13:47:26',5490.00,1),(518,'INV01517','2026-04-28 14:16:26',8280.00,1),(519,'INV01518','2025-12-29 09:33:26',2930.00,1),(520,'INV01519','2026-02-06 17:08:26',640.00,1),(521,'INV01520','2025-11-28 06:36:26',3120.00,1),(522,'INV01521','2026-03-02 06:53:26',280.00,1),(523,'INV01522','2026-02-23 10:20:26',7130.00,1),(524,'INV01523','2026-02-18 08:14:26',450.00,1),(525,'INV01524','2026-05-15 10:33:26',500.00,1),(526,'INV01525','2026-02-21 10:48:26',1850.00,1),(527,'INV01526','2026-01-05 14:31:26',5439.96,1),(528,'INV01527','2026-04-26 11:37:26',6320.00,1),(529,'INV01528','2025-12-15 17:52:26',4139.96,1),(530,'INV01529','2026-05-01 10:36:26',450.00,1),(531,'INV01530','2026-04-14 17:06:26',3000.00,1),(532,'INV01531','2026-03-28 12:08:26',5270.00,1),(533,'INV01532','2026-05-21 10:04:26',195.00,1),(534,'INV01533','2026-02-26 10:21:26',2075.00,1),(535,'INV01534','2026-01-17 10:25:26',2110.00,1),(536,'INV01535','2025-12-25 18:14:26',2200.00,1),(537,'INV01536','2026-04-04 10:46:26',240.00,1),(538,'INV01537','2025-12-14 09:21:26',4400.00,1),(539,'INV01538','2026-05-15 05:36:26',1225.00,1),(540,'INV01539','2026-05-24 08:44:26',760.00,1),(541,'INV01540','2026-04-22 18:11:26',450.00,1),(542,'INV01541','2025-12-31 17:34:26',1080.00,1),(543,'INV01542','2026-01-31 16:50:26',2200.00,1),(544,'INV01543','2026-01-22 17:31:26',6010.00,1),(545,'INV01544','2025-11-30 14:49:26',420.00,1),(546,'INV01545','2026-04-27 13:09:26',960.00,1),(547,'INV01546','2026-01-13 05:51:26',1120.00,1),(548,'INV01547','2026-03-15 08:14:26',620.00,1),(549,'INV01548','2026-04-17 08:38:26',3890.00,1),(550,'INV01549','2026-04-24 10:28:26',4540.00,1),(551,'INV01550','2026-03-31 15:04:26',5385.00,1),(552,'INV01551','2025-12-27 17:08:26',1780.00,1),(553,'INV01552','2025-12-02 07:07:26',4640.00,1),(554,'INV01553','2026-03-31 13:39:26',3740.00,1),(555,'INV01554','2026-03-07 11:58:26',3060.00,1),(556,'INV01555','2026-01-18 16:28:26',2695.00,1),(557,'INV01556','2025-12-26 11:07:26',1790.00,1),(558,'INV01557','2026-02-18 08:10:26',960.00,1),(559,'INV01558','2026-02-18 11:43:26',1430.00,1),(560,'INV01559','2026-04-22 06:28:26',280.00,1),(561,'INV01560','2026-02-16 17:01:26',1200.00,1),(562,'INV01561','2026-01-30 10:32:26',3765.00,1),(563,'INV01562','2026-04-21 09:06:26',1040.00,1),(564,'INV01563','2026-05-10 14:25:26',720.00,1),(565,'INV01564','2025-12-09 10:10:26',1420.00,1),(566,'INV01565','2026-04-22 08:03:26',1200.00,1),(567,'INV01566','2026-05-24 14:33:26',3860.00,1),(568,'INV01567','2026-05-05 07:09:26',2360.00,1),(569,'INV01568','2026-01-23 18:05:26',2240.00,1),(570,'INV01569','2026-01-07 14:15:26',280.00,1),(571,'INV01570','2026-02-12 11:04:26',4270.00,1),(572,'INV01571','2025-12-28 08:32:26',10340.00,1),(573,'INV01572','2026-05-11 06:02:26',4400.00,1),(574,'INV01573','2026-04-27 15:02:26',750.00,1),(575,'INV01574','2026-05-02 12:03:26',2449.97,1),(576,'INV01575','2026-03-14 06:25:26',2240.00,1),(577,'INV01576','2026-03-20 14:45:26',3445.00,1),(578,'INV01577','2025-12-22 17:24:26',1885.00,1),(579,'INV01578','2026-02-20 13:59:26',6980.00,1),(580,'INV01579','2025-11-26 10:27:26',670.00,1),(581,'INV01580','2026-01-14 12:16:26',1740.00,1),(582,'INV01581','2025-11-30 09:19:26',3415.00,1),(583,'INV01582','2026-04-01 15:36:26',6120.00,1),(584,'INV01583','2026-05-14 12:59:26',3770.00,1),(585,'INV01584','2026-04-09 13:13:26',6100.00,1),(586,'INV01585','2026-01-26 18:10:26',1209.99,1),(587,'INV01586','2026-04-27 15:09:26',10479.97,1),(588,'INV01587','2026-04-27 10:24:26',4190.00,1),(589,'INV01588','2026-05-12 05:54:26',240.00,1),(590,'INV01589','2026-01-18 13:58:26',1855.00,1),(591,'INV01590','2026-04-06 09:30:26',4030.00,1),(592,'INV01591','2026-02-23 13:19:26',5595.00,1),(593,'INV01592','2026-03-02 06:22:26',6360.00,1),(594,'INV01593','2026-03-27 06:46:26',1560.00,1),(595,'INV01594','2025-12-01 14:53:26',749.97,1),(596,'INV01595','2025-12-02 17:37:26',290.00,1),(597,'INV01596','2025-12-01 13:27:26',3805.00,1),(598,'INV01597','2026-03-27 14:06:26',3550.00,1),(599,'INV01598','2026-04-17 05:58:26',900.00,1),(600,'INV01599','2026-04-06 06:12:26',725.00,1),(601,'INV01600','2026-04-21 08:48:26',450.00,1),(602,'INV01601','2026-01-09 15:01:26',3110.00,1),(603,'INV01602','2026-04-29 05:40:26',710.00,1),(604,'INV01603','2026-03-05 13:32:26',900.00,1),(605,'INV01604','2026-03-21 12:12:26',3730.00,1),(606,'INV01605','2026-04-18 08:39:26',1420.00,1),(607,'INV01606','2026-03-26 06:55:26',1230.00,1),(608,'INV01607','2026-03-31 10:41:26',1620.00,1),(609,'INV01608','2026-01-28 12:46:26',1060.00,1),(610,'INV01609','2026-02-18 12:57:26',6030.00,1),(611,'INV01610','2025-12-31 11:13:26',3500.00,1),(612,'INV01611','2026-01-26 13:14:26',885.00,1),(613,'INV01612','2026-02-02 14:04:26',4400.00,1),(614,'INV01613','2026-04-06 06:42:26',1400.00,1),(615,'INV01614','2026-02-17 16:15:26',2160.00,1),(616,'INV01615','2026-02-13 15:18:26',2100.00,1),(617,'INV01616','2026-02-25 11:00:26',5820.00,1),(618,'INV01617','2025-11-27 08:33:26',5040.00,1),(619,'INV01618','2026-01-10 07:24:26',1930.00,1),(620,'INV01619','2026-02-09 16:07:26',1800.00,1),(621,'INV01620','2025-12-01 17:01:26',2490.00,1),(622,'INV01621','2026-05-11 11:26:26',4680.00,1),(623,'INV01622','2026-02-22 08:58:26',2830.00,1),(624,'INV01623','2026-05-23 17:34:26',1780.00,1),(625,'INV01624','2026-01-06 18:08:26',1605.00,1),(626,'INV01625','2026-01-22 18:23:26',1545.00,1),(627,'INV01626','2025-12-03 18:27:26',1180.00,1),(628,'INV01627','2026-03-07 08:33:26',1800.00,1),(629,'INV01628','2026-04-11 06:37:26',790.00,1),(630,'INV01629','2026-02-04 13:52:26',2480.00,1),(631,'INV01630','2025-11-30 07:09:26',1660.00,1),(632,'INV01631','2025-11-28 13:48:26',2790.00,1),(633,'INV01632','2026-04-08 08:13:26',5400.00,1),(634,'INV01633','2026-05-21 05:57:26',1120.00,1),(635,'INV01634','2026-03-21 14:19:26',3620.00,1),(636,'INV01635','2026-01-29 09:53:26',1280.00,1),(637,'INV01636','2026-02-11 11:14:26',2060.00,1),(638,'INV01637','2026-04-07 16:00:26',1360.00,1),(639,'INV01638','2026-05-10 18:05:26',630.00,1),(640,'INV01639','2026-05-04 13:19:26',3920.00,1),(641,'INV01640','2026-04-09 09:09:26',2650.00,1),(642,'INV01641','2026-01-09 07:55:26',1590.00,1),(643,'INV01642','2026-01-16 15:30:26',190.00,1),(644,'INV01643','2026-05-25 10:14:26',3815.00,1),(645,'INV01644','2026-05-09 12:15:26',20.00,1),(646,'INV01645','2025-12-31 08:39:26',1800.00,1),(647,'INV01646','2026-05-07 14:26:26',2950.00,1),(648,'INV01647','2025-11-28 14:29:26',6300.00,1),(649,'INV01648','2026-02-11 12:11:26',3080.00,1),(650,'INV01649','2026-04-15 12:59:26',3880.00,1),(651,'INV01650','2026-01-05 13:27:26',1085.00,1),(652,'INV01651','2025-12-03 12:58:26',980.00,1),(653,'INV01652','2026-01-26 17:31:26',960.00,1),(654,'INV01653','2025-12-29 11:45:26',2430.00,1),(655,'INV01654','2026-03-06 12:14:26',420.00,1),(656,'INV01655','2026-03-25 13:02:26',1080.00,1),(657,'INV01656','2026-04-12 08:47:26',3470.00,1),(658,'INV01657','2026-05-19 12:13:26',1145.00,1),(659,'INV01658','2026-04-26 12:01:26',3560.00,1),(660,'INV01659','2026-01-15 15:25:26',2609.99,1),(661,'INV01660','2026-01-26 07:49:26',6930.00,1),(662,'INV01661','2026-01-31 07:13:26',8400.00,1),(663,'INV01662','2026-04-21 14:13:26',250.00,1),(664,'INV01663','2026-03-22 14:01:26',6679.96,1),(665,'INV01664','2026-01-19 07:13:26',6910.00,1),(666,'INV01665','2026-02-25 13:32:26',1540.00,1),(667,'INV01666','2026-03-28 10:07:26',560.00,1),(668,'INV01667','2026-01-29 16:27:26',735.00,1),(669,'INV01668','2025-12-11 18:29:26',9505.00,1),(670,'INV01669','2026-01-28 15:28:26',2255.00,1),(671,'INV01670','2026-01-19 13:02:26',470.00,1),(672,'INV01671','2026-01-02 07:04:26',7579.98,1),(673,'INV01672','2025-11-26 11:02:26',10880.00,1),(674,'INV01673','2026-02-28 10:58:26',0.00,1),(675,'INV01674','2026-03-10 06:54:26',3845.00,1),(676,'INV01675','2026-02-05 07:59:26',540.00,1),(677,'INV01676','2026-01-09 11:40:26',5700.00,1),(678,'INV01677','2026-05-24 08:18:26',499.98,1),(679,'INV01678','2026-01-17 09:06:26',840.00,1),(680,'INV01679','2026-01-05 08:45:26',500.00,1),(681,'INV01680','2025-12-10 09:48:26',0.00,1),(682,'INV01681','2025-12-02 08:04:26',4440.00,1),(683,'INV01682','2026-01-13 07:08:26',1870.00,1),(684,'INV01683','2026-02-21 14:53:26',2550.00,1),(685,'INV01684','2026-01-04 12:22:26',10410.00,1),(686,'INV01685','2026-05-10 16:57:26',2650.00,1),(687,'INV01686','2026-05-14 07:20:26',4289.99,1),(688,'INV01687','2025-12-03 07:59:26',1369.99,1),(689,'INV01688','2025-12-14 15:56:26',1505.00,1),(690,'INV01689','2026-02-27 14:35:26',1780.00,1),(691,'INV01690','2026-02-25 10:06:26',40.00,1),(692,'INV01691','2026-01-21 13:24:26',585.00,1),(693,'INV01692','2026-04-07 08:32:26',735.00,1),(694,'INV01693','2026-04-28 09:40:26',6560.00,1),(695,'INV01694','2026-04-25 16:07:26',4859.96,1),(696,'INV01695','2026-02-14 08:53:26',4400.00,1),(697,'INV01696','2026-01-28 17:59:26',3590.00,1),(698,'INV01697','2026-04-27 16:06:26',280.00,1),(699,'INV01698','2026-04-23 06:02:26',7160.00,1),(700,'INV01699','2026-01-28 11:46:26',1800.00,1),(701,'INV01700','2025-12-26 06:33:26',5445.00,1),(702,'INV01701','2026-04-24 12:37:26',2775.00,1),(703,'INV01702','2026-02-27 17:03:26',1239.98,1),(704,'INV01703','2026-05-24 12:12:26',2415.00,1),(705,'INV01704','2026-02-10 05:57:26',2040.00,1),(706,'INV01705','2026-05-20 05:59:26',1060.00,1),(707,'INV01706','2025-12-01 15:30:26',360.00,1),(708,'INV01707','2025-12-10 16:30:26',3960.00,1),(709,'INV01708','2026-03-08 15:34:26',4010.00,1),(710,'INV01709','2026-03-04 06:25:26',5160.00,1),(711,'INV01710','2025-12-19 06:33:26',4400.00,1),(712,'INV01711','2025-12-18 13:54:26',2570.00,1),(713,'INV01712','2026-05-13 10:35:26',280.00,1),(714,'INV01713','2026-03-05 09:28:26',1110.00,1),(715,'INV01714','2026-03-12 16:01:26',9520.00,1),(716,'INV01715','2026-05-22 11:43:26',3120.00,1),(717,'INV01716','2026-04-17 16:01:26',3970.00,1),(718,'INV01717','2025-12-09 09:43:26',1800.00,1),(719,'INV01718','2025-11-26 18:11:26',1260.00,1),(720,'INV01719','2025-12-17 14:48:26',1700.00,1),(721,'INV01720','2026-02-02 14:23:26',3480.00,1),(722,'INV01721','2026-02-11 18:20:26',1350.00,1),(723,'INV01722','2026-01-24 07:22:26',3660.00,1),(724,'INV01723','2026-01-07 07:25:26',640.00,1),(725,'INV01724','2025-12-29 17:02:26',380.00,1),(726,'INV01725','2026-02-19 09:00:26',890.00,1),(727,'INV01726','2026-04-20 16:10:26',2660.00,1),(728,'INV01727','2026-02-09 06:55:26',1460.00,1),(729,'INV01728','2026-03-15 09:06:26',5120.00,1),(730,'INV01729','2026-05-23 09:41:26',560.00,1),(731,'INV01730','2025-11-30 09:17:26',520.00,1),(732,'INV01731','2025-12-23 10:03:26',620.00,1),(733,'INV01732','2026-05-19 12:04:26',7950.00,1),(734,'INV01733','2026-03-23 08:21:26',320.00,1),(735,'INV01734','2026-03-08 18:16:26',1280.00,1),(736,'INV01735','2026-02-07 15:01:26',4540.00,1),(737,'INV01736','2026-03-08 13:44:26',6200.00,1),(738,'INV01737','2026-01-06 12:27:26',4270.00,1),(739,'INV01738','2025-12-09 15:38:26',3955.00,1),(740,'INV01739','2026-01-30 06:51:26',5690.00,1),(741,'INV01740','2026-01-20 16:47:26',3000.00,1),(742,'INV01741','2026-03-19 15:02:26',2700.00,1),(743,'INV01742','2026-04-28 07:03:26',2940.00,1),(744,'INV01743','2026-01-26 12:07:26',1180.00,1),(745,'INV01744','2026-04-12 13:54:26',4490.00,1),(746,'INV01745','2026-01-28 13:46:26',8680.00,1),(747,'INV01746','2025-12-29 15:00:26',4390.00,1),(748,'INV01747','2026-05-13 15:51:26',1280.00,1),(749,'INV01748','2026-04-06 08:14:26',2960.00,1),(750,'INV01749','2026-03-01 10:59:26',2765.00,1),(751,'INV01750','2026-04-15 10:06:26',2020.00,1),(752,'INV01751','2025-12-11 15:22:26',2400.00,1),(753,'INV01752','2026-04-14 15:08:26',5470.00,1),(754,'INV01753','2025-12-03 09:58:26',2840.00,1),(755,'INV01754','2026-05-07 08:14:26',1400.00,1),(756,'INV01755','2026-01-18 16:02:26',195.00,1),(757,'INV01756','2025-12-13 12:08:26',960.00,1),(758,'INV01757','2026-02-14 13:38:26',560.00,1),(759,'INV01758','2026-05-04 14:48:26',4400.00,1),(760,'INV01759','2026-01-11 11:26:26',4120.00,1),(761,'INV01760','2026-03-15 13:21:26',3320.00,1),(762,'INV01761','2026-01-27 08:01:26',1200.00,1),(763,'INV01762','2025-11-27 09:56:26',5180.00,1),(764,'INV01763','2025-11-27 07:41:26',390.00,1),(765,'INV01764','2026-01-24 07:25:26',2820.00,1),(766,'INV01765','2026-04-08 13:12:26',590.00,1),(767,'INV01766','2026-03-18 12:59:26',2340.00,1),(768,'INV01767','2026-04-23 13:04:26',4200.00,1),(769,'INV01768','2026-05-11 09:00:26',4080.00,1),(770,'INV01769','2025-12-01 12:26:26',1020.00,1),(771,'INV01770','2026-04-23 12:39:26',4800.00,1),(772,'INV01771','2026-04-21 16:51:26',2480.00,1),(773,'INV01772','2026-02-19 08:21:26',960.00,1),(774,'INV01773','2026-03-19 11:46:26',6540.00,1),(775,'INV01774','2026-01-26 15:42:26',510.00,1),(776,'INV01775','2026-03-15 08:00:26',1450.00,1),(777,'INV01776','2026-03-31 14:34:26',2609.97,1),(778,'INV01777','2026-05-21 16:31:26',1200.00,1),(779,'INV01778','2026-01-18 08:20:26',405.00,1),(780,'INV01779','2026-02-02 11:51:26',490.00,1),(781,'INV01780','2026-01-12 13:50:26',6180.00,1),(782,'INV01781','2026-01-08 09:45:26',4570.00,1),(783,'INV01782','2026-05-21 15:45:26',3985.00,1),(784,'INV01783','2026-01-20 12:20:26',1580.00,1),(785,'INV01784','2026-03-28 15:17:26',2740.00,1),(786,'INV01785','2025-12-16 06:44:26',2400.00,1),(787,'INV01786','2026-04-29 09:24:26',1650.00,1),(788,'INV01787','2025-12-20 18:15:26',5385.00,1),(789,'INV01788','2025-12-17 06:00:26',7740.00,1),(790,'INV01789','2026-05-14 17:32:26',4500.00,1),(791,'INV01790','2026-03-13 05:43:26',7370.00,1),(792,'INV01791','2026-02-16 11:45:26',600.00,1),(793,'INV01792','2026-03-26 06:41:26',1525.00,1),(794,'INV01793','2025-12-02 12:20:26',1820.00,1),(795,'INV01794','2026-02-13 17:35:26',4360.00,1),(796,'INV01795','2026-04-11 13:30:26',4280.00,1),(797,'INV01796','2026-03-23 09:52:26',3009.97,1),(798,'INV01797','2026-04-23 12:50:26',285.00,1),(799,'INV01798','2026-05-06 10:50:26',1740.00,1),(800,'INV01799','2025-12-11 14:11:26',900.00,1),(801,'INV01800','2026-03-12 09:07:26',890.00,1),(802,'INV01801','2026-04-29 17:13:26',390.00,1),(803,'INV01802','2025-12-01 13:46:26',4530.00,1),(804,'INV01803','2025-11-27 09:36:26',1745.00,1),(805,'INV01804','2026-03-19 14:07:26',1150.00,1),(806,'INV01805','2026-03-20 08:29:26',6090.00,1),(807,'INV01806','2026-03-18 05:35:26',1740.00,1),(808,'INV01807','2026-03-27 11:31:26',1140.00,1),(809,'INV01808','2026-04-05 14:51:26',4730.00,1),(810,'INV01809','2026-04-27 15:15:26',1990.00,1),(811,'INV01810','2025-12-20 13:38:26',380.00,1),(812,'INV01811','2025-12-25 17:54:26',4720.00,1),(813,'INV01812','2025-12-19 13:54:26',5390.00,1),(814,'INV01813','2026-04-26 12:29:26',2159.97,1),(815,'INV01814','2026-01-31 13:45:26',3230.00,1),(816,'INV01815','2026-04-22 06:40:26',5720.00,1),(817,'INV01816','2025-12-22 12:06:26',7770.00,1),(818,'INV01817','2025-12-07 12:31:26',940.00,1),(819,'INV01818','2026-03-06 15:24:26',3390.00,1),(820,'INV01819','2025-12-30 15:34:26',580.00,1),(821,'INV01820','2026-04-12 13:32:26',1100.00,1),(822,'INV01821','2026-01-16 13:22:26',1600.00,1),(823,'INV01822','2026-03-16 09:26:26',480.00,1),(824,'INV01823','2026-01-06 14:50:26',3780.00,1),(825,'INV01824','2025-12-14 15:15:26',8710.00,1),(826,'INV01825','2026-04-27 12:45:26',2320.00,1),(827,'INV01826','2026-01-15 11:31:26',3379.98,1),(828,'INV01827','2026-03-07 14:54:26',4080.00,1),(829,'INV01828','2026-04-01 10:09:26',160.00,1),(830,'INV01829','2026-01-09 07:09:26',1300.00,1),(831,'INV01830','2026-04-05 11:55:26',2670.00,1),(832,'INV01831','2026-01-21 13:44:26',4040.00,1),(833,'INV01832','2025-12-10 13:39:26',2450.00,1),(834,'INV01833','2026-03-13 15:05:26',3490.00,1),(835,'INV01834','2025-11-28 09:07:26',1285.00,1),(836,'INV01835','2026-01-18 11:19:26',4620.00,1),(837,'INV01836','2026-03-30 13:33:26',1450.00,1),(838,'INV01837','2026-03-10 15:07:26',2920.00,1),(839,'INV01838','2026-04-03 08:35:26',1440.00,1),(840,'INV01839','2026-05-01 08:02:26',260.00,1),(841,'INV01840','2026-02-23 18:06:26',3020.00,1),(842,'INV01841','2025-12-18 17:12:26',2260.00,1),(843,'INV01842','2026-01-18 15:42:26',1660.00,1),(844,'INV01843','2026-04-30 07:13:26',3560.00,1),(845,'INV01844','2026-04-15 16:53:26',1595.00,1),(846,'INV01845','2025-12-20 06:39:26',2900.00,1),(847,'INV01846','2025-12-22 13:14:26',190.00,1),(848,'INV01847','2025-12-10 06:59:26',5580.00,1),(849,'INV01848','2026-04-28 14:29:26',560.00,1),(850,'INV01849','2025-11-26 06:11:26',2020.00,1),(851,'INV01850','2026-02-21 06:16:26',2440.00,1),(852,'INV01851','2026-02-14 17:28:26',2455.00,1),(853,'INV01852','2025-12-27 18:19:26',5780.00,1),(854,'INV01853','2025-12-22 06:56:26',720.00,1),(855,'INV01854','2026-03-02 15:43:26',1190.00,1),(856,'INV01855','2026-05-14 12:00:26',4510.00,1),(857,'INV01856','2026-04-01 18:27:26',1420.00,1),(858,'INV01857','2026-05-18 14:13:26',4745.00,1),(859,'INV01858','2025-12-29 14:47:26',3800.00,1),(860,'INV01859','2026-04-07 10:22:26',380.00,1),(861,'INV01860','2026-02-10 17:37:26',1870.00,1),(862,'INV01861','2025-12-14 11:54:26',6260.00,1),(863,'INV01862','2026-03-05 18:12:26',3450.00,1),(864,'INV01863','2026-04-16 11:53:26',1780.00,1),(865,'INV01864','2025-12-24 14:03:26',4060.00,1),(866,'INV01865','2026-04-23 07:56:26',255.00,1),(867,'INV01866','2026-03-28 05:40:26',4930.00,1),(868,'INV01867','2026-02-11 09:15:26',689.99,1),(869,'INV01868','2026-03-10 14:13:26',1170.00,1),(870,'INV01869','2026-05-03 07:17:26',3990.00,1),(871,'INV01870','2026-05-08 17:39:26',1404.99,1),(872,'INV01871','2026-03-17 16:13:26',6520.00,1),(873,'INV01872','2026-04-22 05:43:26',3335.00,1),(874,'INV01873','2026-04-16 10:15:26',2670.00,1),(875,'INV01874','2026-03-19 12:44:26',1350.00,1),(876,'INV01875','2025-12-09 08:49:26',20.00,1),(877,'INV01876','2025-12-23 11:22:26',2720.00,1),(878,'INV01877','2026-01-30 14:52:26',500.00,1),(879,'INV01878','2026-03-27 15:28:26',80.00,1),(880,'INV01879','2026-02-02 10:55:26',4770.00,1),(881,'INV01880','2026-03-12 12:36:26',2645.00,1),(882,'INV01881','2025-12-14 06:46:26',2180.00,1),(883,'INV01882','2026-01-17 18:14:26',1590.00,1),(884,'INV01883','2026-02-04 16:05:26',6030.00,1),(885,'INV01884','2026-01-21 11:03:26',6725.00,1),(886,'INV01885','2026-05-21 14:10:26',1760.00,1),(887,'INV01886','2025-12-24 06:47:26',6270.00,1),(888,'INV01887','2026-03-03 17:45:26',1120.00,1),(889,'INV01888','2025-12-11 15:18:26',2770.00,1),(890,'INV01889','2026-02-19 13:11:26',1200.00,1),(891,'INV01890','2025-12-03 15:25:26',2135.00,1),(892,'INV01891','2026-04-16 08:07:26',1160.00,1),(893,'INV01892','2025-12-16 08:00:26',6760.00,1),(894,'INV01893','2026-03-24 09:09:26',2240.00,1),(895,'INV01894','2026-03-14 14:29:26',3580.00,1),(896,'INV01895','2025-12-23 12:51:26',1080.00,1),(897,'INV01896','2025-12-27 11:02:26',1870.00,1),(898,'INV01897','2026-02-08 15:28:26',3859.96,1),(899,'INV01898','2025-12-25 13:45:26',4369.96,1),(900,'INV01899','2026-04-21 13:05:26',4555.00,1),(901,'INV01900','2026-01-30 12:14:26',5345.00,1);
/*!40000 ALTER TABLE `sales` ENABLE KEYS */;
UNLOCK TABLES;

--
-- Table structure for table `stock_movements`
--

DROP TABLE IF EXISTS `stock_movements`;
/*!40101 SET @saved_cs_client     = @@character_set_client */;
/*!50503 SET character_set_client = utf8mb4 */;
CREATE TABLE `stock_movements` (
  `id` int NOT NULL AUTO_INCREMENT,
  `product_id` int NOT NULL,
  `movement_type` enum('in','out','adjustment') NOT NULL,
  `quantity` int NOT NULL,
  `movement_date` timestamp NULL DEFAULT CURRENT_TIMESTAMP,
  `notes` varchar(255) DEFAULT NULL,
  PRIMARY KEY (`id`),
  KEY `product_id` (`product_id`),
  CONSTRAINT `stock_movements_ibfk_1` FOREIGN KEY (`product_id`) REFERENCES `products` (`id`)
) ENGINE=InnoDB DEFAULT CHARSET=utf8mb4 COLLATE=utf8mb4_0900_ai_ci;
/*!40101 SET character_set_client = @saved_cs_client */;

--
-- Dumping data for table `stock_movements`
--

LOCK TABLES `stock_movements` WRITE;
/*!40000 ALTER TABLE `stock_movements` DISABLE KEYS */;
/*!40000 ALTER TABLE `stock_movements` ENABLE KEYS */;
UNLOCK TABLES;

--
-- Table structure for table `users`
--

DROP TABLE IF EXISTS `users`;
/*!40101 SET @saved_cs_client     = @@character_set_client */;
/*!50503 SET character_set_client = utf8mb4 */;
CREATE TABLE `users` (
  `id` int NOT NULL AUTO_INCREMENT,
  `username` varchar(50) NOT NULL,
  `password` varchar(255) NOT NULL,
  `created_at` timestamp NULL DEFAULT CURRENT_TIMESTAMP,
  `role` enum('admin','staff') DEFAULT 'staff',
  PRIMARY KEY (`id`),
  UNIQUE KEY `username` (`username`)
) ENGINE=InnoDB AUTO_INCREMENT=3 DEFAULT CHARSET=utf8mb4 COLLATE=utf8mb4_0900_ai_ci;
/*!40101 SET character_set_client = @saved_cs_client */;

--
-- Dumping data for table `users`
--

LOCK TABLES `users` WRITE;
/*!40000 ALTER TABLE `users` DISABLE KEYS */;
INSERT INTO `users` VALUES (1,'admin','admin123','2026-05-20 07:33:30','admin'),(2,'staff1','staff123','2026-05-24 15:36:34','staff');
/*!40000 ALTER TABLE `users` ENABLE KEYS */;
UNLOCK TABLES;
/*!40103 SET TIME_ZONE=@OLD_TIME_ZONE */;

/*!40101 SET SQL_MODE=@OLD_SQL_MODE */;
/*!40014 SET FOREIGN_KEY_CHECKS=@OLD_FOREIGN_KEY_CHECKS */;
/*!40014 SET UNIQUE_CHECKS=@OLD_UNIQUE_CHECKS */;
/*!40101 SET CHARACTER_SET_CLIENT=@OLD_CHARACTER_SET_CLIENT */;
/*!40101 SET CHARACTER_SET_RESULTS=@OLD_CHARACTER_SET_RESULTS */;
/*!40101 SET COLLATION_CONNECTION=@OLD_COLLATION_CONNECTION */;
/*!40111 SET SQL_NOTES=@OLD_SQL_NOTES */;

-- Dump completed on 2026-05-25 22:13:54
